mscore_id,page_index,width,height,num_staves
sq7313978,0001,9605,495,5
sq7313978,0002,10433,533,5
sq7313978,0003,9521,520,5
sq7313978,0004,9894,533,5
sq7313978,0005,10480,535,5
sq7313978,0006,10373,542,5
sq7313978,0007,10560,537,5
sq7313978,0008,10530,533,5
sq7313978,0009,10565,553,5
sq7313978,0010,9240,520,5
sq7313978,0011,10065,527,5
sq7313978,0012,10405,531,5
sq7313978,0013,10263,520,5
sq7313978,0014,10032,556,5
sq7313978,0015,10330,566,5
sq7313978,0016,10455,532,5
sq7313978,0017,11788,467,6
sq7313978,0018,10330,535,5
sq7313978,0019,10522,573,5
sq7313978,0020,10607,566,5
sq7313978,0021,10491,535,5
sq7313978,0022,10529,549,5
sq7313978,0023,10031,516,5
sq7313978,0024,10546,564,5
sq7313978,0025,10397,567,5
sq7313978,0026,10629,551,5
sq7313978,0027,10587,552,5
sq7313978,0028,10404,553,5
sq7313978,0029,10263,538,5
sq7313978,0030,10481,529,5
sq7313978,0031,10606,553,5
sq7313978,0032,10615,548,5
sq13744399,0001,8193,601,4
sq13744399,0002,10127,660,5
sq13744399,0003,9363,658,5
sq13744399,0004,9522,605,5
sq13744399,0005,10186,559,5
sq13744399,0006,9845,566,5
sq13744399,0007,10212,570,5
sq13744399,0008,9705,560,5
sq13744399,0009,10194,610,5
sq13744399,0010,9995,564,5
sq13744399,0011,8250,649,4
sq13744399,0012,9692,646,5
sq13744399,0013,9744,627,5
sq13744399,0014,9566,535,5
sq13744399,0015,8522,676,4
sq13744399,0016,8357,667,4
sq13744399,0017,8526,686,4
sq13744399,0018,8348,734,4
sq13744399,0019,8307,673,4
sq13744399,0020,10114,586,5
sq13744399,0021,10420,574,5
sq13744399,0022,10134,563,5
sq13744399,0023,9805,577,5
sq13744399,0024,10014,548,5
sq13744399,0025,10506,560,5
sq13744399,0026,10194,619,5
sq13744399,0027,10511,589,5
sq13744399,0028,10244,539,5
sq13744399,0029,10515,586,5
sq7383977,0001,8106,649,4
sq7383977,0002,9519,624,5
sq7383977,0003,10156,561,5
sq7383977,0004,10323,686,5
sq7383977,0005,9920,651,5
sq7383977,0006,9666,648,5
sq7383977,0007,8352,673,4
sq7383977,0008,8515,683,4
sq7383977,0009,8540,675,4
sq7383977,0010,8462,684,4
sq7383977,0011,7869,650,4
sq7383977,0012,8416,705,4
sq7383977,0013,8429,689,4
sq7383977,0014,8298,741,4
sq7383977,0015,7954,651,4
sq7383977,0016,8200,703,4
sq7383977,0017,6408,839,3
sq7383977,0018,6408,856,3
sq7383977,0019,6234,814,3
sq7383977,0020,6403,855,3
sq7383977,0021,6408,823,3
sq7383977,0022,6408,832,3
sq7383977,0023,6408,827,3
sq7383977,0024,8218,649,4
sq7383977,0025,8345,681,4
sq7383977,0026,10015,578,5
sq7383977,0027,10498,612,5
sq7383977,0028,8372,663,4
sq7383977,0029,8532,695,4
sq7383977,0030,8306,653,4
sq7383977,0031,8069,651,4
sq7383977,0032,9784,550,5
sq7383977,0033,8384,707,4
sq7383977,0034,8530,687,4
sq7383977,0035,8544,661,4
sq7383977,0036,8539,658,4
sq7383977,0037,8278,660,4
sq7383977,0038,8539,666,4
sq7295726,0001,8846,526,5
sq7295726,0002,8227,692,4
sq7295726,0003,10023,583,5
sq7295726,0004,9418,654,5
sq7295726,0005,9912,545,5
sq7295726,0006,10032,552,5
sq7295726,0007,8534,734,4
sq7295726,0008,10365,606,5
sq7295726,0009,10308,616,5
sq7295726,0010,8485,726,4
sq7295726,0011,10303,614,5
sq7295726,0012,10240,614,5
sq7295726,0013,8442,668,4
sq7295726,0014,8519,695,4
sq7295726,0015,11950,484,6
sq7295726,0016,10136,523,5
sq7295726,0017,10185,547,5
sq7295726,0018,9908,599,5
sq7295726,0019,10292,598,5
sq7295726,0020,10040,577,5
sq7295726,0021,10510,550,5
sq7295726,0022,12090,480,6
sq7295726,0023,9933,571,5
sq7295726,0024,10346,561,5
sq7295726,0025,11651,551,6
sq7295726,0026,9793,554,5
sq7295726,0027,10183,625,5
sq7295726,0028,10449,603,5
sq7295726,0029,9960,601,5
sq7295726,0030,8514,714,4
sq8741475,0001,8147,637,4
sq8741475,0002,8376,711,4
sq8741475,0003,8090,649,4
sq8741475,0004,9467,528,5
sq8741475,0005,9477,631,5
sq8741475,0006,9798,686,5
sq8741475,0007,10443,610,5
sq8741475,0008,10075,579,5
sq8741475,0009,9702,660,5
sq8741475,0010,9548,537,5
sq8741475,0011,8027,695,4
sq8741475,0012,8152,650,4
sq8741475,0013,8018,720,4
sq8741475,0014,8318,739,4
sq8741475,0015,8177,670,4
sq8741475,0016,7568,616,4
sq8741475,0017,8402,697,4
sq8741475,0018,8168,659,4
sq8741475,0019,8016,730,4
sq8741475,0020,8378,656,4
sq8741475,0021,8003,726,4
sq8741475,0022,8238,687,4
sq8741475,0023,7935,694,4
sq8741475,0024,7643,641,4
sq8741475,0025,8243,664,4
sq8741475,0026,10008,576,5
sq8741475,0027,10144,622,5
sq8741475,0028,10220,645,5
sq8741475,0029,8434,749,4
sq8741475,0030,8213,727,4
sq8741475,0031,9837,649,5
sq8741475,0032,10031,634,5
sq8741475,0033,9237,569,5
sq8741475,0034,8749,536,5
sq8741475,0035,10478,563,5
sq8741475,0036,10203,579,5
sq8741475,0037,10415,562,5
sq8741475,0038,9506,618,5
sq8741475,0039,8215,695,4
sq8741475,0040,8363,734,4
sq8741475,0041,9439,644,5
sq8741475,0042,6403,830,3
sq8741475,0043,8490,736,4
sq8741475,0044,6375,869,3
sq14387632,0001,7972,637,4
sq14387632,0002,10298,678,5
sq14387632,0003,9768,657,5
sq14387632,0004,8412,635,4
sq14387632,0005,9591,620,5
sq14387632,0006,9484,591,5
sq14387632,0007,10431,574,5
sq14387632,0008,6387,838,3
sq14387632,0009,9834,540,5
sq14387632,0010,9915,533,5
sq14387632,0011,8351,678,4
sq14387632,0012,10087,551,5
sq14387632,0013,9577,638,5
sq14387632,0014,9808,540,5
sq14387632,0015,10232,570,5
sq14387632,0016,8439,677,4
sq14387632,0017,8470,677,4
sq14387632,0018,8282,669,4
sq10502527,0001,8270,615,4
sq10502527,0002,9684,515,5
sq10502527,0003,9863,574,5
sq10502527,0004,10135,582,5
sq10502527,0005,10019,551,5
sq10502527,0006,10146,595,5
sq10502527,0007,10029,589,5
sq10502527,0008,10053,543,5
sq10502527,0009,10351,570,5
sq10502527,0010,10226,741,5
sq10502527,0011,10615,575,5
sq10502527,0012,10215,570,5
sq10502527,0013,10201,564,5
sq10502527,0014,9794,568,5
sq10502527,0015,9662,575,5
sq10502527,0016,10141,549,5
sq10502527,0017,9107,521,5
sq10502527,0018,10409,553,5
sq10502527,0019,9711,531,5
sq10502527,0020,10075,637,5
sq10502527,0021,10169,561,5
sq10502527,0022,9393,538,5
sq8071278,0001,12044,420,6
sq8071278,0002,10636,518,5
sq8071278,0003,10646,539,5
sq8071278,0004,10660,553,5
sq8071278,0005,10646,530,5
sq8071278,0006,10645,536,5
sq8071278,0007,10665,538,5
sq8071278,0008,8406,619,4
sq8071278,0009,10572,544,5
sq8071278,0010,10665,538,5
sq8071278,0011,10590,524,5
sq8071278,0012,8522,635,4
sq8071278,0013,10522,509,5
sq8071278,0014,12433,476,6
sq8071278,0015,8400,601,4
sq8071278,0016,10618,520,5
sq8071278,0017,10645,528,5
sq8071278,0018,10650,547,5
sq8071278,0019,10665,543,5
sq8071278,0020,10626,538,5
sq8071278,0021,10636,520,5
sq8071278,0022,10535,540,5
sq8071278,0023,10660,524,5
sq8071278,0024,10562,534,5
sq10527526,0001,8384,616,4
sq10527526,0002,9917,549,5
sq10527526,0003,9867,548,5
sq10527526,0004,8472,664,4
sq10527526,0005,8472,661,4
sq10527526,0006,8506,662,4
sq10527526,0007,9879,554,5
sq10527526,0008,8371,637,4
sq10527526,0009,9676,552,5
sq10527526,0010,9626,544,5
sq10527526,0011,9683,581,5
sq10527526,0012,8413,729,4
sq10527526,0013,8427,699,4
sq10527526,0014,10519,586,5
sq10527526,0015,8062,635,4
sq10527526,0016,9926,538,5
sq10527526,0017,10306,543,5
sq10527526,0018,10168,568,5
sq10527526,0019,10288,569,5
sq10527526,0020,12198,587,6
sq10527526,0021,11454,525,6
sq10527526,0022,10554,557,5
sq10527526,0023,10135,569,5
sq10527526,0024,10436,578,5
sq10527526,0025,10490,555,5
sq10527526,0026,9680,533,5
sq10527526,0027,10027,553,5
sq10527526,0028,9685,534,5
sq10527526,0029,10150,577,5
sq10527526,0030,10109,568,5
sq10527526,0031,10436,549,5
sq10527526,0032,9768,622,5
sq10527526,0033,8510,720,4
sq11539384,0001,7751,603,4
sq11539384,0002,9859,667,5
sq11539384,0003,8471,687,4
sq11539384,0004,10305,579,5
sq11539384,0005,8175,688,4
sq11539384,0006,10043,565,5
sq11539384,0007,9737,643,5
sq11539384,0008,9756,677,5
sq11539384,0009,9705,661,5
sq11539384,0010,8534,679,4
sq11539384,0011,8305,693,4
sq11539384,0012,8517,686,4
sq11539384,0013,9783,535,5
sq11539384,0014,10421,594,5
sq11539384,0015,10257,550,5
sq11539384,0016,8336,665,4
sq11539384,0017,9907,655,5
sq11539384,0018,9732,662,5
sq11539384,0019,9236,636,5
sq11539384,0020,7963,656,4
sq11539384,0021,8351,709,4
sq11539384,0022,8252,674,4
sq11539384,0023,8450,693,4
sq11539384,0024,6253,885,3
sq11539384,0025,8460,710,4
sq11539384,0026,8530,660,4
sq11539384,0027,8097,679,4
sq11539384,0028,6397,869,3
sq11539384,0029,6250,815,3
sq11539384,0030,8499,658,4
sq11539384,0031,6405,853,3
sq11539384,0032,8302,635,4
sq11539384,0033,10185,581,5
sq11539384,0034,9998,663,5
sq11539384,0035,8331,700,4
sq11539384,0036,9713,657,5
sq11539384,0037,9789,555,5
sq11539384,0038,10050,578,5
sq11539384,0039,10365,709,5
sq11539384,0040,10182,669,5
sq11539384,0041,8370,698,4
sq11539384,0042,8075,685,4
sq11539384,0043,8501,734,4
sq11539384,0044,8275,712,4
sq11539384,0045,8423,684,4
sq11539384,0046,8431,719,4
sq8853405,0001,8291,589,4
sq8853405,0002,10520,566,5
sq8853405,0003,10211,559,5
sq8853405,0004,10036,549,5
sq8853405,0005,10647,562,5
sq8853405,0006,10103,558,5
sq8853405,0007,9943,524,5
sq8853405,0008,9996,539,5
sq8853405,0009,9444,550,5
sq8853405,0010,6263,815,3
sq8853405,0011,8522,712,4
sq8853405,0012,8530,668,4
sq8853405,0013,8394,638,4
sq8853405,0014,10373,549,5
sq8853405,0015,10059,563,5
sq8853405,0016,10624,582,5
sq8853405,0017,10008,554,5
sq8853405,0018,10266,552,5
sq8853405,0019,9858,541,5
sq8907120,0001,8354,601,4
sq8907120,0002,10660,533,5
sq8907120,0003,10503,546,5
sq8907120,0004,8522,641,4
sq8907120,0005,8531,675,4
sq8907120,0006,10494,567,5
sq8907120,0007,8526,651,4
sq8907120,0008,8386,655,4
sq8907120,0009,10337,541,5
sq8907120,0010,10246,539,5
sq8907120,0011,10360,550,5
sq8907120,0012,8522,660,4
sq8907120,0013,8395,637,4
sq8907120,0014,8492,635,4
sq8907120,0015,8522,656,4
sq8907120,0016,8401,619,4
sq8907120,0017,10660,628,5
sq8907120,0018,10231,573,5
sq8907120,0019,10632,545,5
sq8907120,0020,10600,549,5
sq8907120,0021,10182,546,5
sq8907120,0022,10646,556,5
sq8907120,0023,10180,588,5
sq8907120,0024,8522,652,4
sq8913219,0001,8099,585,4
sq8913219,0002,10545,557,5
sq8913219,0003,10191,566,5
sq8913219,0004,8516,710,4
sq8913219,0005,8534,675,4
sq8913219,0006,8520,705,4
sq8913219,0007,8499,690,4
sq8913219,0008,8384,620,4
sq8913219,0009,10582,547,5
sq8913219,0010,10417,537,5
sq8913219,0011,10447,547,5
sq8913219,0012,10524,558,5
sq8913219,0013,9456,517,5
sq8913219,0014,10066,516,5
sq8913219,0015,10107,516,5
sq8913219,0016,10315,540,5
sq8913219,0017,10472,573,5
sq8913219,0018,10442,571,5
sq8913219,0019,10265,569,5
sq9396439,0001,8102,601,4
sq9396439,0002,9945,654,5
sq9396439,0003,9875,538,5
sq9396439,0004,10181,585,5
sq9396439,0005,9922,684,5
sq9396439,0006,8434,658,4
sq9396439,0007,8348,603,4
sq9396439,0008,10183,564,5
sq9396439,0009,8325,680,4
sq9396439,0010,9511,520,5
sq9396439,0011,10023,572,5
sq9396439,0012,9744,545,5
sq9396439,0013,10309,576,5
sq9396439,0014,8380,620,4
sq9396439,0015,10055,563,5
sq9396439,0016,10145,577,5
sq9396439,0017,10358,568,5
sq9396439,0018,10522,577,5
sq9396439,0019,10247,613,5
sq9396439,0020,9882,604,5
sq9396439,0021,8544,676,4
sq9719026,0001,8384,610,4
sq9719026,0002,10291,543,5
sq9719026,0003,9675,551,5
sq9719026,0004,10283,562,5
sq9719026,0005,10523,554,5
sq9719026,0006,8473,639,4
sq9719026,0007,8357,668,4
sq9719026,0008,8125,601,4
sq9719026,0009,9430,645,5
sq9719026,0010,10070,555,5
sq9719026,0011,6403,843,3
sq9719026,0012,8394,639,4
sq9719026,0013,10264,562,5
sq9719026,0014,8394,677,4
sq9719026,0015,8394,630,4
sq9719026,0016,10068,562,5
sq9719026,0017,9867,545,5
sq9719026,0018,10437,577,5
sq9719026,0019,8522,663,4
sq9719026,0020,8526,666,4
sq7872392,0001,8404,590,4
sq7872392,0002,10604,550,5
sq7872392,0003,10298,560,5
sq7872392,0004,10660,569,5
sq7872392,0005,10641,545,5
sq7872392,0006,12200,490,6
sq7872392,0007,11704,547,6
sq7872392,0008,10234,577,5
sq7872392,0009,8409,612,4
sq7872392,0010,9982,568,5
sq7872392,0011,10587,582,5
sq7872392,0012,10511,580,5
sq7872392,0013,8534,647,4
sq7872392,0014,8530,664,4
sq7872392,0015,8399,606,4
sq7872392,0016,10535,549,5
sq7872392,0017,8522,669,4
sq7872392,0018,6400,858,3
sq7872392,0019,10506,504,5
sq7872392,0020,10665,559,5
sq7872392,0021,10665,570,5
sq7872392,0022,10569,536,5
sq7872392,0023,10609,545,5
sq7872392,0024,10628,557,5
sq7872392,0025,10670,561,5
sq7872392,0026,10516,542,5
sq7872392,0027,10617,551,5
sq7872392,0028,10573,556,5
sq7872392,0029,10557,543,5
sq8454356,0001,7729,575,4
sq8454356,0002,8522,660,4
sq8454356,0003,10045,543,5
sq8454356,0004,10125,568,5
sq8454356,0005,10112,556,5
sq8454356,0006,8534,659,4
sq8454356,0007,8517,663,4
sq8454356,0008,6253,829,3
sq8454356,0009,6405,826,3
sq8454356,0010,6253,819,3
sq8454356,0011,8509,642,4
sq8454356,0012,8092,620,4
sq8454356,0013,9370,517,5
sq8454356,0014,8346,675,4
sq8454356,0015,8458,662,4
sq8454356,0016,9689,533,5
sq8811375,0001,8351,623,4
sq8811375,0002,10377,559,5
sq8811375,0003,10541,549,5
sq8811375,0004,10007,655,5
sq8811375,0005,10156,657,5
sq8811375,0006,8108,684,4
sq8811375,0007,10231,532,5
sq8811375,0008,9405,525,5
sq8811375,0009,9790,520,5
sq8811375,0010,10388,553,5
sq8811375,0011,9749,575,5
sq8811375,0012,9384,621,5
sq8811375,0013,10513,549,5
sq8811375,0014,8341,655,4
sq8811375,0015,7892,659,4
sq8811375,0016,8384,655,4
sq8811375,0017,9721,529,5
sq8811375,0018,8094,632,4
sq8811375,0019,8347,655,4
sq8811375,0020,10255,590,5
sq8811375,0021,7804,666,4
sq8811375,0022,9928,542,5
sq8811375,0023,10045,603,5
sq8811375,0024,9672,666,5
sq8811375,0025,9436,579,5
sq8811375,0026,9669,533,5
sq8811375,0027,9825,546,5
sq8811375,0028,9949,541,5
sq8811375,0029,9227,598,5
sq8811375,0030,6403,917,3
sq8811375,0031,10257,506,5
sq8811375,0032,9366,504,5
sq8811375,0033,9788,546,5
sq8811375,0034,10079,543,5
sq8811375,0035,8992,499,5
sq8811375,0036,9148,485,5
sq8811375,0037,10302,550,5
sq8811375,0038,8293,719,4
sq8811375,0039,7891,703,4
sq8811375,0040,8113,689,4
sq8811375,0041,9779,560,5
sq8811375,0042,9620,505,5
sq8811375,0043,9941,568,5
sq8811375,0044,9796,531,5
sq8811375,0045,9537,603,5
sq8811375,0046,7954,599,4
sq8811375,0047,8495,656,4
sq8811375,0048,8526,636,4
sq8811375,0049,7214,596,4
sq8811375,0050,8898,518,5
sq8811375,0051,8425,671,4
sq8811375,0052,9621,608,5
sq8811375,0053,7626,613,4
sq8811375,0054,8181,643,4
sq8811375,0055,8367,675,4
sq8811375,0056,9252,517,5
sq8811375,0057,8658,496,5
sq8811375,0058,6403,833,3
sq8811375,0059,10292,619,5
sq8811375,0060,8476,670,4
sq8811375,0061,8216,722,4
sq8811375,0062,7667,644,4
sq8811375,0063,8377,673,4
sq10675759,0001,8359,608,4
sq10675759,0002,9632,539,5
sq10675759,0003,10109,557,5
sq10675759,0004,10446,566,5
sq10675759,0005,10490,574,5
sq10675759,0006,10475,529,5
sq10675759,0007,10241,545,5
sq10675759,0008,9957,566,5
sq10675759,0009,9943,545,5
sq10675759,0010,9549,534,5
sq10675759,0011,10274,557,5
sq10675759,0012,8253,661,4
sq10675759,0013,9750,579,5
sq10675759,0014,9786,618,5
sq10675759,0015,8306,666,4
sq10675759,0016,8514,675,4
sq10675759,0017,8518,682,4
sq10675759,0018,8506,709,4
sq10675759,0019,10086,568,5
sq10675759,0020,9578,597,5
sq10675759,0021,10199,672,5
sq10675759,0022,9944,540,5
sq10675759,0023,10248,576,5
sq10675759,0024,10088,588,5
sq10675759,0025,9514,592,5
sq10675759,0026,9552,499,5
sq10675759,0027,10451,551,5
sq10675759,0028,9644,624,5
sq10675759,0029,9079,526,5
sq10675759,0030,10077,571,5
sq10675759,0031,10321,557,5
sq10675759,0032,9314,523,5
sq10675759,0033,9887,545,5
sq10675759,0034,10516,552,5
sq10675759,0035,10007,537,5
sq10675759,0036,10028,596,5
sq10675759,0037,10424,579,5
sq7108150,0001,8266,610,4
sq7108150,0002,9945,551,5
sq7108150,0003,10149,561,5
sq7108150,0004,10278,554,5
sq7108150,0005,8522,675,4
sq7108150,0006,8534,717,4
sq7108150,0007,10039,553,5
sq7108150,0008,10050,553,5
sq7108150,0009,8341,657,4
sq7108150,0010,8486,741,4
sq7108150,0011,8111,619,4
sq7108150,0012,8217,657,4
sq7108150,0013,8347,681,4
sq7108150,0014,8167,630,4
sq7108150,0015,8324,597,4
sq7108150,0016,8504,658,4
sq7108150,0017,10271,552,5
sq7108150,0018,9775,546,5
sq7108150,0019,8202,630,4
sq7108150,0020,8364,717,4
sq7108150,0021,9757,668,5
sq7108150,0022,10154,686,5
sq7108150,0023,10136,664,5
sq7108150,0024,9740,657,5
sq7108150,0025,9262,531,5
sq7108150,0026,9882,552,5
sq7302602,0001,8150,583,4
sq7302602,0002,9320,519,5
sq7302602,0003,9761,573,5
sq7302602,0004,9796,558,5
sq7302602,0005,10072,591,5
sq7302602,0006,9975,707,5
sq7302602,0007,10093,578,5
sq7302602,0008,9458,631,5
sq7302602,0009,10099,693,5
sq7302602,0010,8062,636,4
sq7302602,0011,8527,662,4
sq7302602,0012,9733,652,5
sq7302602,0013,8403,689,4
sq7302602,0014,8091,669,4
sq7302602,0015,8139,636,4
sq7302602,0016,9326,648,5
sq7302602,0017,9617,533,5
sq7302602,0018,9163,526,5
sq7302602,0019,8231,668,4
sq7302602,0020,8377,650,4
sq7302602,0021,9566,668,5
sq7302602,0022,10254,608,5
sq7302602,0023,9715,571,5
sq7302602,0024,8493,717,4
sq7302602,0025,8383,724,4
sq7302602,0026,8191,650,4
sq7302602,0027,8294,707,4
sq8928855,0001,8166,606,4
sq8928855,0002,10280,604,5
sq8928855,0003,10171,557,5
sq8928855,0004,9674,666,5
sq8928855,0005,9996,683,5
sq8928855,0006,10118,564,5
sq8928855,0007,9953,692,5
sq8928855,0008,10255,546,5
sq8928855,0009,9885,614,5
sq8928855,0010,8048,633,4
sq8928855,0011,8493,692,4
sq8928855,0012,9636,536,5
sq8928855,0013,8163,672,4
sq8928855,0014,8121,647,4
sq8928855,0015,9788,553,5
sq8928855,0016,9787,680,5
sq8928855,0017,10142,688,5
sq8928855,0018,9931,598,5
sq8928855,0019,9267,591,5
sq8928855,0020,9863,562,5
sq8928855,0021,9245,558,5
sq8928855,0022,9362,564,5
sq8928855,0023,10094,573,5
sq8928855,0024,9728,572,5
sq8928855,0025,9707,646,5
sq8938822,0001,8123,626,4
sq8938822,0002,10253,620,5
sq8938822,0003,9825,670,5
sq8938822,0004,8453,687,4
sq8938822,0005,8276,720,4
sq8938822,0006,9267,528,5
sq8938822,0007,9540,577,5
sq8938822,0008,8356,657,4
sq8938822,0009,8177,684,4
sq8938822,0010,10404,607,5
sq8938822,0011,9654,538,5
sq8938822,0012,10096,578,5
sq8938822,0013,8530,704,4
sq8938822,0014,8359,660,4
sq8938822,0015,8214,670,4
sq8938822,0016,8363,645,4
sq8938822,0017,8514,684,4
sq8938822,0018,8492,663,4
sq8938822,0019,8253,657,4
sq8938822,0020,8327,637,4
sq8938822,0021,8476,694,4
sq8938822,0022,8492,725,4
sq8938822,0023,8454,709,4
sq8938822,0024,8234,674,4
sq8938822,0025,8377,655,4
sq8938822,0026,8174,689,4
sq8938822,0027,8285,667,4
sq8938822,0028,7877,611,4
sq8938822,0029,8457,664,4
sq8938822,0030,8526,700,4
sq8938822,0031,8526,668,4
sq8938822,0032,8480,671,4
sq8938822,0033,8472,756,4
sq8938822,0034,8465,659,4
sq8938822,0035,8361,654,4
sq8938822,0036,8178,639,4
sq8938822,0037,10214,570,5
sq8938822,0038,8335,673,4
sq8938822,0039,8321,686,4
sq8938822,0040,8491,696,4
sq8938822,0041,8422,676,4
sq8938822,0042,8401,676,4
sq8938822,0043,8514,685,4
sq8938822,0044,8381,692,4
sq8938822,0045,8392,687,4
sq8938822,0046,8330,681,4
sq8938822,0047,10165,581,5
sq9094235,0001,6122,796,3
sq9094235,0002,8199,718,4
sq9094235,0003,7537,683,4
sq9094235,0004,8007,643,4
sq9094235,0005,8191,684,4
sq9094235,0006,7899,690,4
sq9094235,0007,8070,700,4
sq9094235,0008,8178,693,4
sq9094235,0009,8344,676,4
sq9094235,0010,8188,703,4
sq9094235,0011,8175,724,4
sq9094235,0012,8122,730,4
sq9094235,0013,6402,864,3
sq9094235,0014,7418,611,4
sq9094235,0015,8345,681,4
sq9094235,0016,8291,675,4
sq9094235,0017,8228,675,4
sq9094235,0018,8386,701,4
sq9094235,0019,8370,659,4
sq9094235,0020,9590,648,5
sq9094235,0021,8341,696,4
sq9094235,0022,8201,674,4
sq9094235,0023,7751,660,4
sq9094235,0024,8150,733,4
sq9094235,0025,7939,666,4
sq9094235,0026,8257,661,4
sq9094235,0027,8424,676,4
sq9094235,0028,8280,671,4
sq9094235,0029,8244,660,4
sq9094235,0030,8354,705,4
sq9094235,0031,8229,666,4
sq9094235,0032,9442,617,5
sq9094235,0033,8064,664,4
sq9094235,0034,7820,656,4
sq11154985,0001,8203,633,4
sq11154985,0002,9800,656,5
sq11154985,0003,8035,646,4
sq11154985,0004,9680,544,5
sq11154985,0005,8232,669,4
sq11154985,0006,9704,546,5
sq11154985,0007,10385,614,5
sq11154985,0008,8279,641,4
sq11154985,0009,8463,678,4
sq11154985,0010,8488,662,4
sq11154985,0011,8484,670,4
sq11154985,0012,8007,633,4
sq11154985,0013,8253,655,4
sq11154985,0014,8524,680,4
sq11154985,0015,8218,606,4
sq11154985,0016,10246,680,5
sq11154985,0017,8364,669,4
sq11154985,0018,9803,609,5
sq11154985,0019,8273,655,4
sq11154985,0020,8501,666,4
sq11154985,0021,8251,676,4
sq11154985,0022,8505,691,4
sq11154985,0023,9988,541,5
sq11154985,0024,9882,546,5
sq11154985,0025,10502,574,5
sq11154985,0026,10534,610,5
sq11154985,0027,7733,622,4
sq11154985,0028,8613,508,5
sq11154985,0029,9563,547,5
sq11154985,0030,10251,546,5
sq11154985,0031,9434,549,5
sq11154985,0032,10182,547,5
sq11154985,0033,10015,580,5
sq11154985,0034,8138,674,4
sq11154985,0035,8492,656,4
sq11154985,0036,8450,659,4
sq11154985,0037,8342,655,4
sq11154985,0038,7816,618,4
sq7330550,0001,8257,588,4
sq7330550,0002,10060,566,5
sq7330550,0003,8476,667,4
sq7330550,0004,8258,666,4
sq7330550,0005,7771,604,4
sq7330550,0006,8385,687,4
sq7330550,0007,8407,676,4
sq7330550,0008,8180,619,4
sq7330550,0009,9888,555,5
sq7330550,0010,10630,602,9
sq7330550,0011,8574,651,4
sq7330550,0012,8150,610,4
sq7330550,0013,9400,528,5
sq7330550,0014,9825,548,5
sq7330550,0015,8530,668,4
sq11164006,0001,8258,627,4
sq11164006,0002,11759,475,6
sq11164006,0003,9485,527,5
sq11164006,0004,10398,540,5
sq11164006,0005,10063,568,5
sq11164006,0006,9897,554,5
sq11164006,0007,10561,538,5
sq11164006,0008,9990,548,5
sq11164006,0009,10450,566,5
sq11164006,0010,10574,569,5
sq11164006,0011,10242,552,5
sq11164006,0012,8534,679,4
sq11164006,0013,8394,651,4
sq11164006,0014,10355,562,5
sq11164006,0015,10120,567,5
sq11164006,0016,10372,562,5
sq11164006,0017,10199,582,5
sq11164006,0018,10014,551,5
sq11164006,0019,10464,585,5
sq11164006,0020,10484,563,5
sq11164006,0021,10330,570,5
sq11164006,0022,8522,660,4
sq11164006,0023,8534,613,4
sq11164006,0024,8386,623,4
sq11164006,0025,8526,645,4
sq11164006,0026,10348,557,5
sq11164006,0027,10665,544,5
sq11164006,0028,10580,530,5
sq11164006,0029,10443,512,5
sq11164006,0030,11958,458,6
sq11164006,0031,12309,467,6
sq11164006,0032,11769,470,6
sq11164006,0033,12709,474,6
sq11164006,0034,12009,467,6
sq11164006,0035,10452,595,5
sq11164006,0036,10670,544,5
sq8661306,0001,8389,612,4
sq8661306,0002,10546,546,5
sq8661306,0003,10575,527,5
sq8661306,0004,10060,535,5
sq8661306,0005,9993,569,5
sq8661306,0006,10428,556,5
sq8661306,0007,9945,550,5
sq8661306,0008,10599,555,5
sq8661306,0009,9809,574,5
sq8661306,0010,10286,573,5
sq8661306,0011,10274,535,5
sq8661306,0012,10017,549,5
sq8661306,0013,8370,660,4
sq8661306,0014,10283,582,5
sq8661306,0015,10375,566,5
sq8661306,0016,10123,597,5
sq8661306,0017,10293,564,5
sq8661306,0018,10315,530,5
sq8661306,0019,9739,558,5
sq8661306,0020,9891,525,5
sq8661306,0021,9616,562,5
sq8661306,0022,8201,619,4
sq8661306,0023,9830,544,5
sq8661306,0024,9232,555,5
sq8661306,0025,9454,632,5
sq8661306,0026,8518,709,4
sq8661306,0027,8335,634,4
sq8661306,0028,10056,545,5
sq8661306,0029,9867,560,5
sq8661306,0030,10005,510,5
sq8661306,0031,10413,571,5
sq8661306,0032,9948,557,5
sq8661306,0033,9645,541,5
sq8661306,0034,10157,676,5
sq8661306,0035,10377,596,5
sq8661306,0036,8402,682,4
sq8661306,0037,10090,573,5
sq8661306,0038,9785,650,5
sq8661306,0039,9858,612,5
sq8661306,0040,9862,588,5
sq8661306,0041,8150,716,4
sq9790696,0001,8345,613,4
sq9790696,0002,9926,600,5
sq9790696,0003,9608,598,5
sq9790696,0004,9864,641,5
sq9790696,0005,10570,595,5
sq9790696,0006,10511,608,5
sq9790696,0007,9233,601,5
sq9790696,0008,8489,683,4
sq9790696,0009,8484,749,4
sq9790696,0010,10346,563,5
sq9790696,0011,9832,527,5
sq9790696,0012,9560,630,5
sq9790696,0013,10573,555,5
sq9790696,0014,10330,577,5
sq9790696,0015,10378,718,5
sq9790696,0016,10143,556,5
sq9790696,0017,10077,547,5
sq9790696,0018,8285,615,4
sq9790696,0019,10237,571,5
sq9790696,0020,11398,536,6
sq9790696,0021,8522,727,4
sq9790696,0022,10057,607,5
sq9790696,0023,8534,677,4
sq9790696,0024,8539,721,4
sq9790696,0025,8186,650,4
sq9790696,0026,10444,558,5
sq9790696,0027,8888,502,5
sq9790696,0028,10076,570,5
sq9790696,0029,9692,548,5
sq9790696,0030,10586,574,5
sq9790696,0031,10359,559,5
sq9790696,0032,10349,558,5
sq9790696,0033,9146,580,5
sq9137469,0001,8230,580,4
sq9137469,0002,10362,568,5
sq9137469,0003,9908,668,5
sq9137469,0004,9488,556,5
sq9137469,0005,10002,660,5
sq9137469,0006,9837,645,5
sq9137469,0007,10423,585,5
sq9137469,0008,10511,594,5
sq9137469,0009,9816,595,5
sq9137469,0010,8526,679,4
sq9137469,0011,8521,698,4
sq9137469,0012,8133,612,4
sq9137469,0013,9917,561,5
sq9137469,0014,10076,650,5
sq9137469,0015,10375,544,5
sq9137469,0016,10437,573,5
sq9137469,0017,10174,548,5
sq9137469,0018,9535,546,5
sq9137469,0019,9688,634,5
sq9137469,0020,9625,520,5
sq9137469,0021,8162,627,4
sq9137469,0022,8403,681,4
sq9137469,0023,8380,676,4
sq9137469,0024,8530,668,4
sq9137469,0025,8287,668,4
sq9137469,0026,8355,642,4
sq9137469,0027,10105,585,5
sq9137469,0028,10240,590,5
sq9137469,0029,10258,588,5
sq9137469,0030,10046,665,5
sq9137469,0031,10094,581,5
sq9137469,0032,9804,530,5
sq9137469,0033,9841,539,5
sq9137469,0034,8534,681,4
sq9137469,0035,10315,602,5
sq9137469,0036,8292,671,4
sq9137469,0037,8229,696,4
sq9137469,0038,8286,663,4
sq8885439,0001,8057,573,4
sq8885439,0002,9329,547,5
sq8885439,0003,10387,580,5
sq8885439,0004,9858,563,5
sq8885439,0005,8530,662,4
sq8885439,0006,10035,528,5
sq8885439,0007,10038,580,5
sq8885439,0008,9612,537,5
sq8885439,0009,9987,583,5
sq8885439,0010,8431,698,4
sq8885439,0011,8423,666,4
sq8885439,0012,8194,621,4
sq8885439,0013,10134,585,5
sq8885439,0014,10162,582,5
sq8885439,0015,10361,592,5
sq8885439,0016,10122,539,5
sq8885439,0017,8238,651,4
sq8885439,0018,8386,665,4
sq8885439,0019,9510,528,5
sq8885439,0020,10172,568,5
sq8885439,0021,10087,560,5
sq8885439,0022,8492,697,4
sq8885439,0023,10604,634,5
sq8885439,0024,8391,626,4
sq8885439,0025,10359,563,5
sq8885439,0026,10509,578,5
sq8885439,0027,10362,578,5
sq8885439,0028,10034,588,5
sq8885439,0029,9978,536,5
sq8885439,0030,10086,533,5
sq8885439,0031,9344,520,5
sq8885439,0032,9530,637,5
sq8885439,0033,8441,686,4
sq8885439,0034,8432,651,4
sq7362818,0001,8007,641,4
sq7362818,0002,9827,655,5
sq7362818,0003,9915,540,5
sq7362818,0004,10059,581,5
sq7362818,0005,10427,613,5
sq7362818,0006,10332,571,5
sq7362818,0007,9534,650,5
sq7362818,0008,10097,559,5
sq7362818,0009,8544,678,4
sq7362818,0010,8465,700,4
sq7362818,0011,8324,692,4
sq7362818,0012,8400,646,4
sq7362818,0013,9148,553,5
sq7362818,0014,10060,614,5
sq7362818,0015,10186,603,5
sq7362818,0016,9774,538,5
sq7362818,0017,9261,648,5
sq7362818,0018,10181,576,5
sq7362818,0019,10478,601,5
sq7362818,0020,10197,583,5
sq7362818,0021,8486,707,4
sq7362818,0022,8385,634,4
sq7362818,0023,10019,560,5
sq7362818,0024,10499,600,5
sq7362818,0025,9399,637,5
sq7362818,0026,9847,564,5
sq7362818,0027,10340,557,5
sq7362818,0028,9622,674,5
sq7362818,0029,9799,586,5
sq7362818,0030,9717,598,5
sq7362818,0031,10226,551,5
sq7362818,0032,10109,614,5
sq7362818,0033,9468,518,5
sq7362818,0034,10097,536,5
sq7362818,0035,10064,585,5
sq7362818,0036,8522,712,4
sq7362818,0037,8544,649,4
sq7362818,0038,8460,666,4
sq7358708,0001,10201,476,5
sq7358708,0002,10395,549,5
sq7358708,0003,10735,493,6
sq7358708,0004,8499,624,4
sq7358708,0005,10498,551,5
sq7358708,0006,10403,544,5
sq7358708,0007,11684,481,6
sq7358708,0008,10135,484,5
sq7358708,0009,10567,540,5
sq7358708,0010,10141,518,5
sq7358708,0011,10431,532,5
sq7358708,0012,10305,594,5
sq7358708,0013,10493,524,5
sq7358708,0014,10485,539,5
sq7358708,0015,8448,696,4
sq7358708,0016,10164,501,5
sq7358708,0017,10562,530,5
sq7358708,0018,10421,519,5
sq7358708,0019,11661,472,6
sq7358708,0020,8534,626,4
sq7358708,0021,10651,560,5
sq7358708,0022,10471,521,5
sq7358708,0023,10521,551,5
sq7358708,0024,10477,529,5
sq7358708,0025,10489,538,5
sq7358708,0026,10633,538,5
sq7358708,0027,10277,538,5
sq7358708,0028,10296,530,5
sq7358708,0029,11513,462,6
sq7358579,0001,8087,595,4
sq7358579,0002,9578,558,5
sq7358579,0003,10085,525,5
sq7358579,0004,9307,613,5
sq7358579,0005,10468,578,5
sq7358579,0006,10551,582,5
sq7358579,0007,9601,518,5
sq7358579,0008,10492,587,5
sq7358579,0009,8440,662,4
sq7358579,0010,8463,717,4
sq7358579,0011,8470,659,4
sq7358579,0012,8526,633,4
sq7358579,0013,8129,671,4
sq7358579,0014,9256,594,5
sq7358579,0015,9920,530,5
sq7358579,0016,10424,570,5
sq7358579,0017,10476,571,5
sq7358579,0018,10171,560,5
sq7358579,0019,10200,581,5
sq7358579,0020,10220,578,5
sq7358579,0021,10585,579,5
sq7358579,0022,10112,546,5
sq7358579,0023,9823,532,5
sq7358579,0024,10364,619,5
sq7358579,0025,6253,812,3
sq7358579,0026,8288,652,4
sq7358579,0027,6405,891,3
sq7358579,0028,9340,514,5
sq7358579,0029,10333,558,5
sq7358579,0030,9483,514,5
sq7358579,0031,10186,594,5
sq7358579,0032,9723,563,5
sq7358579,0033,10514,591,5
sq7358579,0034,10112,589,5
sq7358579,0035,10455,553,5
sq7358579,0036,8696,546,5
sq14720995,0001,8036,633,4
sq14720995,0002,8396,690,4
sq14720995,0003,8373,652,4
sq14720995,0004,8473,673,4
sq14720995,0005,8423,735,4
sq14720995,0006,8370,683,4
sq14720995,0007,8366,667,4
sq14720995,0008,8516,656,4
sq14720995,0009,8098,633,4
sq14720995,0010,9821,649,5
sq14720995,0011,8503,667,4
sq14720995,0012,8259,664,4
sq14720995,0013,8308,669,4
sq14720995,0014,6231,839,3
sq14720995,0015,8391,688,4
sq14720995,0016,8516,669,4
sq14720995,0017,8355,649,4
sq14720995,0018,10147,682,5
sq14720995,0019,9941,668,5
sq14720995,0020,9621,647,5
sq14720995,0021,10187,589,5
sq14720995,0022,8486,712,4
sq14720995,0023,8534,628,4
sq14720995,0024,8524,680,4
sq14720995,0025,8477,654,4
sq7434431,0001,7490,612,4
sq7434431,0002,10066,537,5
sq7434431,0003,8359,689,4
sq7434431,0004,8516,721,4
sq7434431,0005,10051,678,5
sq7434431,0006,7940,639,4
sq7434431,0007,8189,691,4
sq7434431,0008,8457,723,4
sq7434431,0009,7877,649,4
sq7434431,0010,8168,682,4
sq7434431,0011,8341,721,4
sq7434431,0012,8313,686,4
sq7434431,0013,7912,658,4
sq7434431,0014,8135,674,4
sq7434431,0015,8446,697,4
sq7434431,0016,8208,701,4
sq7434431,0017,4272,951,2
sq10406164,0001,8230,602,4
sq10406164,0002,10216,585,5
sq10406164,0003,9715,556,5
sq10406164,0004,10443,713,5
sq10406164,0005,9763,576,5
sq10406164,0006,10299,591,5
sq10406164,0007,9822,640,5
sq10406164,0008,10233,583,5
sq10406164,0009,9410,589,5
sq10406164,0010,10339,545,5
sq10406164,0011,8312,654,4
sq10406164,0012,9332,527,5
sq10406164,0013,9807,577,5
sq10406164,0014,10037,543,5
sq10406164,0015,8047,646,4
sq10406164,0016,9965,575,5
sq10406164,0017,8377,704,4
sq10406164,0018,8319,684,4
sq10406164,0019,8229,654,4
sq10406164,0020,9954,545,5
sq10406164,0021,10267,712,5
sq10406164,0022,10121,567,5
sq10406164,0023,8242,660,4
sq10406164,0024,8151,668,4
sq10406164,0025,8460,683,4
sq10406164,0026,8448,683,4
sq9631717,0001,7879,552,4
sq9631717,0002,9403,622,5
sq9631717,0003,11571,514,6
sq9631717,0004,9652,526,5
sq9631717,0005,8522,708,4
sq9631717,0006,10453,577,5
sq9631717,0007,10511,642,5
sq9631717,0008,11810,566,6
sq9631717,0009,9526,616,5
sq9631717,0010,11372,466,6
sq9631717,0011,6403,823,3
sq9631717,0012,9651,531,5
sq9631717,0013,9582,661,5
sq9631717,0014,8506,685,4
sq9631717,0015,8328,627,4
sq9631717,0016,8025,618,4
sq9631717,0017,8484,671,4
sq9631717,0018,10041,564,5
sq9631717,0019,10294,540,5
sq9631717,0020,8479,635,4
sq9631717,0021,8534,700,4
sq9631717,0022,8459,660,4
sq9631717,0023,8087,683,4
sq9631717,0024,10087,523,5
sq9631717,0025,9997,537,5
sq9631717,0026,10214,545,5
sq9631717,0027,9534,535,5
sq9631717,0028,10183,580,5
sq9631717,0029,9841,610,5
sq9631717,0030,9965,551,5
sq9631717,0031,9886,549,5
sq9631717,0032,10043,522,5
sq9631717,0033,9143,522,5
sq9631717,0034,9889,549,5
sq9631717,0035,10414,549,5
sq9631717,0036,10122,539,5
sq9631717,0037,10367,554,5
sq9631717,0038,10483,534,5
sq9631717,0039,9825,553,5
sq9631717,0040,10028,543,5
sq9631717,0041,10310,557,5
sq9631717,0042,8949,499,5
sq9631717,0043,8130,652,4
sq9631717,0044,10301,528,5
sq9631717,0045,8098,706,4
sq9146376,0001,10119,486,5
sq9146376,0002,10546,564,5
sq9146376,0003,10581,538,5
sq9146376,0004,10405,540,5
sq9146376,0005,10651,536,5
sq9146376,0006,10572,537,5
sq9146376,0007,10518,531,5
sq9146376,0008,10258,550,5
sq9146376,0009,10597,535,5
sq9146376,0010,8376,615,4
sq9146376,0011,10358,548,5
sq9146376,0012,10665,529,5
sq9146376,0013,10432,544,5
sq9146376,0014,8384,633,4
sq9146376,0015,8540,632,4
sq9146376,0016,8526,649,4
sq8796660,0001,7450,567,4
sq8796660,0002,9948,550,5
sq8796660,0003,10062,581,5
sq8796660,0004,9915,525,5
sq8796660,0005,8495,658,4
sq8796660,0006,8534,669,4
sq8796660,0007,8387,652,4
sq8796660,0008,8291,600,4
sq8796660,0009,9833,539,5
sq8796660,0010,10171,575,5
sq8796660,0011,10048,522,5
sq8796660,0012,10000,557,5
sq8796660,0013,6234,811,3
sq8796660,0014,6400,860,3
sq8796660,0015,8370,607,4
sq8796660,0016,10405,533,5
sq8796660,0017,10612,529,5
sq8796660,0018,8539,644,4
sq8796660,0019,8540,642,4
sq8796660,0020,8482,642,4
sq7114183,0001,6240,736,3
sq7114183,0002,8493,657,4
sq7114183,0003,8522,679,4
sq7114183,0004,8446,669,4
sq7114183,0005,8534,654,4
sq7114183,0006,8492,666,4
sq7114183,0007,6403,835,3
sq7114183,0008,6238,787,3
sq7114183,0009,8534,673,4
sq7114183,0010,8520,664,4
sq7114183,0011,8504,694,4
sq7114183,0012,6393,826,3
sq7114183,0013,8375,632,4
sq7114183,0014,8524,693,4
sq7114183,0015,8313,632,4
sq7114183,0016,8521,682,4
sq7114183,0017,8427,649,4
sq7114183,0018,8512,667,4
sq7114183,0019,8526,653,4
sq7114183,0020,8516,653,4
sq7114183,0021,8530,663,4
sq8461409,0001,10142,486,5
sq8461409,0002,10536,536,5
sq8461409,0003,10520,530,5
sq8461409,0004,10427,565,5
sq8461409,0005,10656,546,5
sq8461409,0006,10120,532,5
sq8461409,0007,10544,564,5
sq8461409,0008,10535,553,5
sq8461409,0009,8301,622,4
sq8461409,0010,8539,649,4
sq8461409,0011,10319,533,5
sq8461409,0012,10195,532,5
sq8556926,0001,10178,474,5
sq8556926,0002,10610,559,5
sq8556926,0003,10660,531,5
sq8556926,0004,10628,530,5
sq8556926,0005,10633,533,5
sq8556926,0006,10628,558,5
sq8556926,0007,10062,521,5
sq8556926,0008,10204,518,5
sq8556926,0009,10337,526,5
sq8556926,0010,10567,528,5
sq8556926,0011,10566,530,5
sq8556926,0012,10660,537,5
sq7123582,0001,8355,603,4
sq7123582,0002,9800,537,5
sq7123582,0003,9623,532,5
sq7123582,0004,9699,522,5
sq7123582,0005,10063,525,5
sq7123582,0006,10173,594,5
sq7123582,0007,8534,654,4
sq7123582,0008,7846,654,4
sq7123582,0009,10377,547,5
sq7123582,0010,10259,546,5
sq7123582,0011,8526,652,4
sq7123582,0012,8512,656,4
sq7123582,0013,8534,625,4
sq7123582,0014,8318,670,4
sq7123582,0015,8488,685,4
sq7123582,0016,8524,651,4
sq7123582,0017,8379,637,4
sq7123582,0018,8524,639,4
sq7123582,0019,8460,651,4
sq7123582,0020,8501,651,4
sq7123582,0021,8534,652,4
sq7123582,0022,8516,643,4
sq7123582,0023,8534,666,4
sq7123582,0024,8475,668,4
sq9961690,0001,10259,492,5
sq9961690,0002,11840,476,6
sq9961690,0003,11456,444,6
sq9961690,0004,10999,510,6
sq9961690,0005,10444,530,5
sq9961690,0006,8526,627,4
sq9961690,0007,11733,445,6
sq9961690,0008,12029,476,6
sq9961690,0009,11703,448,6
sq9961690,0010,12251,461,6
sq9961690,0011,12001,451,6
sq9961690,0012,12276,452,6
sq9961690,0013,12087,461,6
sq8088531,0001,8238,605,4
sq8088531,0002,9165,507,5
sq8088531,0003,10209,555,5
sq8088531,0004,10206,544,5
sq8088531,0005,8466,654,4
sq8088531,0006,8449,625,4
sq8088531,0007,9730,546,5
sq8088531,0008,10248,573,5
sq8088531,0009,10484,559,5
sq8088531,0010,10402,538,5
sq8088531,0011,9365,522,5
sq8088531,0012,8354,634,4
sq8088531,0013,10115,599,5
sq8088531,0014,12354,449,6
sq8088531,0015,10636,529,5
sq8088531,0016,10620,533,5
sq8088531,0017,10579,528,5
sq8088531,0018,10550,524,5
sq8806134,0001,8336,573,4
sq8806134,0002,10395,532,5
sq8806134,0003,10511,519,5
sq8806134,0004,10456,542,5
sq8806134,0005,8394,614,4
sq8806134,0006,8516,633,4
sq8806134,0007,8526,624,4
sq8806134,0008,8384,602,4
sq8806134,0009,10655,547,5
sq8806134,0010,10640,529,5
sq8806134,0011,8389,624,4
sq8806134,0012,10423,538,5
sq8806134,0013,8526,647,4
sq7127785,0001,8272,742,4
sq7127785,0002,8526,705,4
sq7127785,0003,8492,694,4
sq7127785,0004,8526,689,4
sq7127785,0005,8459,687,4
sq7127785,0006,8489,705,4
sq7127785,0007,8518,662,4
sq7127785,0008,8520,690,4
sq7127785,0009,8293,667,4
sq7127785,0010,8462,687,4
sq7127785,0011,2136,642,1
sq7127785,0012,8297,682,4
sq7127785,0013,8536,661,4
sq7127785,0014,8526,703,4
sq7127785,0015,8284,674,4
sq7127785,0016,8449,671,4
sq7127785,0017,2136,801,1
sq7127785,0018,8350,667,4
sq7127785,0019,8536,661,4
sq7127785,0020,8530,656,4
sq7127785,0021,8467,657,4
sq7127785,0022,8280,688,4
sq7127785,0023,8536,650,4
sq7127785,0024,4258,658,2
sq10372717,0001,7817,589,4
sq10372717,0002,10442,579,5
sq10372717,0003,10361,577,5
sq10372717,0004,10363,559,5
sq10372717,0005,10221,547,5
sq10372717,0006,8367,640,4
sq10372717,0007,8456,691,4
sq10372717,0008,8134,664,4
sq10372717,0009,8307,634,4
sq10372717,0010,9978,576,5
sq10372717,0011,9080,501,5
sq10372717,0012,10244,671,5
sq10372717,0013,9982,657,5
sq10372717,0014,8301,607,4
sq10372717,0015,8400,648,4
sq10372717,0016,8516,663,4
sq10372717,0017,9859,500,5
sq10372717,0018,10357,562,5
sq10372717,0019,10102,544,5
sq10372717,0020,10391,535,5
sq10372717,0021,10656,554,5
sq10372717,0022,10505,547,5
sq10372717,0023,10614,568,5
sq10372717,0024,10264,568,5
sq8806746,0001,10238,495,5
sq8806746,0002,10383,555,5
sq8806746,0003,10354,540,5
sq8806746,0004,10675,548,5
sq8806746,0005,10619,548,5
sq8806746,0006,6251,774,3
sq8806746,0007,6397,828,3
sq8806746,0008,8385,614,4
sq8806746,0009,10405,545,5
sq8806746,0010,10413,530,5
sq8806746,0011,10514,556,5
sq8806746,0012,10404,539,5
sq8806746,0013,10623,535,5
sq8806746,0014,10597,550,5
sq8806746,0015,10650,561,5
sq8509238,0001,8375,608,4
sq8509238,0002,10325,537,5
sq8509238,0003,9935,508,5
sq8509238,0004,9918,549,5
sq8509238,0005,10433,541,5
sq8509238,0006,10212,543,5
sq8509238,0007,10211,554,5
sq8509238,0008,10560,563,5
sq8509238,0009,8473,669,4
sq8509238,0010,9720,507,5
sq8509238,0011,9951,537,5
sq8509238,0012,10200,534,5
sq8509238,0013,10034,530,5
sq8509238,0014,9582,545,5
sq8509238,0015,6260,777,3
sq8509238,0016,6400,807,3
sq8509238,0017,8157,612,4
sq8509238,0018,10455,543,5
sq8509238,0019,11607,522,6
sq8509238,0020,10292,554,5
sq8509238,0021,10009,510,5
sq8509238,0022,6403,819,3
sq8509238,0023,8534,634,4
sq8509238,0024,8487,655,4
sq7284122,0001,8348,599,4
sq7284122,0002,10091,640,5
sq7284122,0003,8471,673,4
sq7284122,0004,9532,625,5
sq7284122,0005,10547,710,5
sq7284122,0006,10381,578,5
sq7284122,0007,8532,760,4
sq7284122,0008,6397,856,3
sq7284122,0009,8297,616,4
sq7284122,0010,10084,562,5
sq7284122,0011,10577,547,5
sq7284122,0012,8467,665,4
sq7284122,0013,10032,633,5
sq7284122,0014,6397,828,3
sq7284122,0015,4269,957,2
sq7284122,0016,8357,623,4
sq7284122,0017,10425,558,5
sq7284122,0018,10114,567,5
sq7284122,0019,10680,547,5
sq7284122,0020,10537,547,5
sq10414906,0001,8245,579,4
sq10414906,0002,10265,568,5
sq10414906,0003,10424,552,5
sq10414906,0004,8534,632,4
sq10414906,0005,8544,651,4
sq10414906,0006,8530,672,4
sq10414906,0007,8544,655,4
sq10414906,0008,6253,794,3
sq10414906,0009,8544,666,4
sq10414906,0010,8539,634,4
sq10414906,0011,8377,639,4
sq10414906,0012,10539,577,5
sq10414906,0013,10553,569,5
sq10414906,0014,10526,567,5
sq10414906,0015,10594,547,5
sq10414906,0016,8535,675,4
sq10414906,0017,8385,626,4
sq10414906,0018,10510,550,5
sq10414906,0019,9883,520,5
sq10414906,0020,10436,541,5
sq10414906,0021,10612,553,5
sq10414906,0022,8399,636,4
sq12772795,0001,8126,564,4
sq12772795,0002,10122,681,5
sq12772795,0003,9880,579,5
sq12772795,0004,10465,562,5
sq12772795,0005,10127,537,5
sq12772795,0006,8512,658,4
sq12772795,0007,8450,674,4
sq12772795,0008,8447,686,4
sq12772795,0009,8142,628,4
sq12772795,0010,9776,535,5
sq12772795,0011,10063,546,5
sq12772795,0012,10399,581,5
sq12772795,0013,10058,555,5
sq12772795,0014,8369,674,4
sq12772795,0015,8474,723,4
sq12772795,0016,8524,717,4
sq12772795,0017,8379,670,4
sq12772795,0018,10293,559,5
sq12772795,0019,9452,609,5
sq12772795,0020,9860,582,5
sq12772795,0021,10366,582,5
sq12772795,0022,8460,644,4
sq12772795,0023,8458,660,4
sq8806881,0001,10188,505,5
sq8806881,0002,10554,561,5
sq8806881,0003,10650,531,5
sq8806881,0004,10389,534,5
sq8806881,0005,10515,528,5
sq8806881,0006,10650,546,5
sq8806881,0007,10217,553,5
sq8806881,0008,10572,537,5
sq8806881,0009,10515,534,5
sq8806881,0010,10296,546,5
sq8806881,0011,10452,520,5
sq8806881,0012,10497,530,5
sq10328092,0001,8288,570,4
sq10328092,0002,10476,556,5
sq10328092,0003,10226,563,5
sq10328092,0004,10552,543,5
sq10328092,0005,8540,658,4
sq10328092,0006,8535,655,4
sq10328092,0007,8517,664,4
sq10328092,0008,8372,612,4
sq10328092,0009,6405,803,3
sq10328092,0010,10431,527,5
sq10328092,0011,10472,597,5
sq10328092,0012,10303,597,5
sq10328092,0013,8381,614,4
sq10328092,0014,8534,650,4
sq10328092,0015,8540,648,4
sq10328092,0016,8535,648,4
sq8075304,0001,9669,486,5
sq8075304,0002,10228,536,5
sq8075304,0003,12086,492,6
sq8075304,0004,10001,531,5
sq8075304,0005,10443,538,5
sq8075304,0006,10113,539,5
sq8075304,0007,8394,626,4
sq8075304,0008,8526,637,4
sq8075304,0009,8340,611,4
sq8075304,0010,8530,646,4
sq8075304,0011,8448,654,4
sq8075304,0012,10454,521,5
sq8075304,0013,11926,467,6
sq8075304,0014,12155,466,6
sq8075304,0015,6403,809,3
sq7300376,0001,6244,728,3
sq7300376,0002,10243,531,5
sq7300376,0003,8506,659,4
sq7300376,0004,10245,543,5
sq7300376,0005,8427,644,4
sq7300376,0006,8512,657,4
sq7300376,0007,8299,631,4
sq7300376,0008,10011,567,5
sq7300376,0009,9371,538,5
sq7300376,0010,10088,616,5
sq7300376,0011,8526,687,4
sq7300376,0012,8347,630,4
sq7300376,0013,8526,647,4
sq7300376,0014,10552,553,5
sq7300376,0015,10190,547,5
sq7300376,0016,10499,562,5
sq7300376,0017,8534,642,4
sq7300376,0018,8508,647,4
sq10307350,0001,8239,583,4
sq10307350,0002,10173,551,5
sq10307350,0003,10545,566,5
sq10307350,0004,10228,568,5
sq10307350,0005,10152,563,5
sq10307350,0006,8524,627,4
sq10307350,0007,8534,645,4
sq10307350,0008,8524,668,4
sq10307350,0009,8522,632,4
sq10307350,0010,9768,545,5
sq10307350,0011,8379,625,4
sq10307350,0012,10402,549,5
sq10307350,0013,10173,518,5
sq10307350,0014,10409,549,5
sq10307350,0015,10529,539,5
sq10307350,0016,8239,629,4
sq10307350,0017,8445,657,4
sq10307350,0018,8529,689,4
sq10307350,0019,8138,629,4
sq10307350,0020,10371,554,5
sq10307350,0021,10407,542,5
sq10307350,0022,10542,569,5
sq10307350,0023,9640,542,5
sq10307350,0024,10143,560,5
sq10307350,0025,10196,573,5
sq10307350,0026,8455,688,4
sq8807040,0001,8212,584,4
sq8807040,0002,9829,552,5
sq8807040,0003,9737,552,5
sq8807040,0004,10464,580,5
sq8807040,0005,9671,539,5
sq8807040,0006,8482,637,4
sq8807040,0007,8522,641,4
sq8807040,0008,8440,658,4
sq8807040,0009,8462,664,4
sq8807040,0010,7972,642,4
sq8807040,0011,8526,704,4
sq8807040,0012,8521,669,4
sq8807040,0013,8375,639,4
sq8807040,0014,10456,549,5
sq8807040,0015,10169,557,5
sq8807040,0016,10019,543,5
sq8807040,0017,10235,528,5
sq8807040,0018,8361,612,4
sq8807040,0019,10660,525,5
sq8807040,0020,10520,536,5
sq8807040,0021,10453,544,5
sq8807040,0022,10519,540,5
sq8807040,0023,8514,657,4
sq10381459,0001,8166,596,4
sq10381459,0002,10028,542,5
sq10381459,0003,10646,579,5
sq10381459,0004,9928,532,5
sq10381459,0005,9838,521,5
sq10381459,0006,8314,627,4
sq10381459,0007,8496,654,4
sq10381459,0008,7910,602,4
sq10381459,0009,10410,543,5
sq10381459,0010,10311,544,5
sq10381459,0011,9531,517,5
sq10381459,0012,9962,543,5
sq10381459,0013,9908,505,5
sq10381459,0014,10361,537,5
sq10381459,0015,10173,541,5
sq10381459,0016,10474,542,5
sq10381459,0017,10390,540,5
sq8807667,0001,9762,472,5
sq8807667,0002,10610,560,5
sq8807667,0003,10557,542,5
sq8807667,0004,11757,453,6
sq8807667,0005,8530,671,4
sq8807667,0006,10365,510,5
sq8807667,0007,10450,537,5
sq8807667,0008,10241,555,5
sq8807667,0009,10551,555,5
sq8807667,0010,10452,556,5
sq8807667,0011,10272,526,5
sq8807667,0012,10511,538,5
sq8807667,0013,10272,517,5
sq8807667,0014,10245,543,5
sq8807667,0015,10557,559,5
sq8807667,0016,10603,542,5
sq7249986,0001,6039,797,3
sq7249986,0002,8325,672,4
sq7249986,0003,7897,687,4
sq7249986,0004,8526,672,4
sq7249986,0005,8336,694,4
sq7249986,0006,8145,693,4
sq7249986,0007,6402,851,3
sq7249986,0008,6256,830,3
sq7249986,0009,6187,832,3
sq7249986,0010,7973,707,4
sq7249986,0011,6408,815,3
sq7249986,0012,8008,684,4
sq7249986,0013,8192,681,4
sq7249986,0014,8230,662,4
sq7249986,0015,8503,674,4
sq7249986,0016,7805,651,4
sq7249986,0017,8046,711,4
sq7249986,0018,8078,678,4
sq7249986,0019,8448,667,4
sq7249986,0020,8309,716,4
sq7249986,0021,7218,626,4
sq7249986,0022,8421,693,4
sq7249986,0023,8390,668,4
sq7249986,0024,8484,657,4
sq7249986,0025,8187,720,4
sq15049456,0001,8068,558,4
sq15049456,0002,10059,561,5
sq15049456,0003,10038,545,5
sq15049456,0004,10557,560,5
sq15049456,0005,10187,543,5
sq15049456,0006,10288,546,5
sq15049456,0007,9713,547,5
sq15049456,0008,10359,567,5
sq15049456,0009,8379,635,4
sq15049456,0010,10230,549,5
sq15049456,0011,10163,534,5
sq15049456,0012,9470,534,5
sq15049456,0013,8458,702,4
sq15049456,0014,9482,507,5
sq15049456,0015,10384,559,5
sq15049456,0016,8349,678,4
sq15049456,0017,10153,545,5
sq15049456,0018,10200,574,5
sq15049456,0019,10457,553,5
sq15049456,0020,10246,559,5
sq15049456,0021,9715,568,5
sq15049456,0022,8501,670,4
sq15049456,0023,8514,657,4
sq15049456,0024,8438,636,4
sq8455808,0001,8380,595,4
sq8455808,0002,10226,557,5
sq8455808,0003,10605,568,5
sq8455808,0004,10249,547,5
sq8455808,0005,10538,536,5
sq8455808,0006,9909,527,5
sq8455808,0007,10315,531,5
sq8455808,0008,10545,545,5
sq8455808,0009,8544,639,4
sq8455808,0010,8522,659,4
sq8455808,0011,8377,619,4
sq8455808,0012,8531,640,4
sq8455808,0013,8536,630,4
sq8455808,0014,8372,625,4
sq8455808,0015,10356,557,5
sq8455808,0016,10144,526,5
sq8455808,0017,10453,536,5
sq8455808,0018,10277,533,5
sq8455808,0019,8540,647,4
sq8455808,0020,8530,637,4
sq8455808,0021,8361,611,4
sq8455808,0022,9833,520,5
sq8455808,0023,10588,540,5
sq8455808,0024,10410,536,5
sq8455808,0025,10115,542,5
sq8455808,0026,8527,658,4
sq10313029,0001,8146,585,4
sq10313029,0002,10403,552,5
sq10313029,0003,10616,540,5
sq10313029,0004,10375,543,5
sq10313029,0005,8530,661,4
sq10313029,0006,8516,655,4
sq10313029,0007,8530,652,4
sq10313029,0008,8397,637,4
sq10313029,0009,8168,623,4
sq10313029,0010,10036,550,5
sq10313029,0011,9925,599,5
sq10313029,0012,9622,503,5
sq10313029,0013,9876,542,5
sq10313029,0014,8068,638,4
sq10313029,0015,8526,651,4
sq10313029,0016,10608,604,5
sq10313029,0017,10392,585,5
sq10313029,0018,9318,539,5
sq10313029,0019,9747,519,5
sq10313029,0020,8520,700,4
sq10313029,0021,8534,650,4
sq7577795,0001,7848,572,4
sq7577795,0002,10386,580,5
sq7577795,0003,10335,550,5
sq7577795,0004,9999,536,5
sq7577795,0005,10261,552,5
sq7577795,0006,10336,567,5
sq7577795,0007,9831,515,5
sq7577795,0008,8210,625,4
sq7577795,0009,10351,568,5
sq7577795,0010,10361,541,5
sq7577795,0011,10615,569,5
sq7577795,0012,8372,643,4
sq7577795,0013,10544,542,5
sq7577795,0014,10349,547,5
sq7577795,0015,10258,558,5
sq7577795,0016,9931,535,5
sq7577795,0017,10643,580,5
sq7577795,0018,10442,589,5
sq7577795,0019,8544,697,4
sq7577795,0020,8496,728,4
sq12701461,0001,7610,567,4
sq12701461,0002,10166,521,5
sq12701461,0003,10531,583,5
sq12701461,0004,9987,529,5
sq12701461,0005,9108,496,5
sq12701461,0006,9250,508,5
sq12701461,0007,8534,660,4
sq12701461,0008,8516,641,4
sq12701461,0009,8325,651,4
sq12701461,0010,8332,629,4
sq12701461,0011,8340,663,4
sq12701461,0012,9514,518,5
sq12701461,0013,4264,867,2
sq7354505,0001,7611,695,4
sq7354505,0002,8343,677,4
sq7354505,0003,8266,702,4
sq7354505,0004,7768,658,4
sq7354505,0005,8423,680,4
sq7354505,0006,8210,687,4
sq7354505,0007,8371,719,4
sq7354505,0008,7845,636,4
sq7354505,0009,8205,693,4
sq7354505,0010,7992,671,4
sq7354505,0011,7250,716,4
sq7354505,0012,7919,719,4
sq7354505,0013,8387,667,4
sq7354505,0014,8400,725,4
sq7354505,0015,7835,661,4
sq7354505,0016,7939,635,4
sq7354505,0017,6400,857,3
sq7354505,0018,7889,622,4
sq7354505,0019,8187,688,4
sq7354505,0020,7944,665,4
sq7354505,0021,7894,676,4
sq7354505,0022,7937,694,4
sq7354505,0023,8137,689,4
sq7354505,0024,8167,701,4
sq7354505,0025,8346,700,4
sq7354505,0026,8090,651,4
sq7354505,0027,9907,678,5
sq7354505,0028,8470,681,4
sq7354505,0029,7785,664,4
sq7354505,0030,8111,732,4
sq7354505,0031,8174,685,4
sq7354505,0032,8176,667,4
sq7354505,0033,8399,663,4
sq7354505,0034,9322,596,5
sq7354505,0035,8252,676,4
sq7354505,0036,8106,701,4
sq7354505,0037,8359,732,4
sq7354505,0038,8023,693,4
sq7354505,0039,8069,687,4
sq7354505,0040,7318,624,4
sq7354505,0041,7896,640,4
sq7354505,0042,8430,720,4
sq7354505,0043,8152,692,4
sq7354505,0044,8110,681,4
sq7354505,0045,9546,623,5
sq7354505,0046,8134,680,4
sq7354505,0047,8302,670,4
sq7354505,0048,7749,690,4
sq7354505,0049,7873,684,4
sq7354505,0050,8224,679,4
sq7354505,0051,7983,662,4
sq7354505,0052,8463,718,4
sq7354505,0053,8136,618,4
sq7354505,0054,8321,679,4
sq7354505,0055,8534,684,4
sq7354505,0056,7994,632,4
sq7354505,0057,8148,685,4
sq7354505,0058,8237,712,4
sq7354505,0059,8234,645,4
sq7354505,0060,6393,920,3
sq7354505,0061,4265,1217,2
sq7158117,0001,7688,590,4
sq7158117,0002,8350,689,4
sq7158117,0003,8483,682,4
sq7158117,0004,9911,681,5
sq7158117,0005,8530,701,4
sq7158117,0006,8522,653,4
sq7158117,0007,8374,626,4
sq7158117,0008,8281,668,4
sq7158117,0009,9655,680,5
sq7158117,0010,10295,565,5
sq7158117,0011,8434,695,4
sq7158117,0012,8502,680,4
sq7158117,0013,8522,664,4
sq7158117,0014,8536,660,4
sq7158117,0015,10337,562,5
sq7158117,0016,8064,647,4
sq7158117,0017,8345,639,4
sq7158117,0018,8491,678,4
sq7158117,0019,8295,645,4
sq7158117,0020,9289,543,5
sq7158117,0021,8336,716,4
sq7158117,0022,8180,664,4
sq7158117,0023,9573,530,5
sq7158117,0024,10424,529,5
sq7158117,0025,8429,652,4
sq7158117,0026,9906,567,5
sq7158117,0027,10003,666,5
sq7158117,0028,9480,593,5
sq7158117,0029,8372,616,4
sq7158117,0030,8534,651,4
sq7158117,0031,8485,666,4
sq7158117,0032,8534,662,4
sq7267316,0001,7771,608,4
sq7267316,0002,8831,521,5
sq7267316,0003,10233,582,5
sq7267316,0004,10003,579,5
sq7267316,0005,10270,593,5
sq7267316,0006,9730,643,5
sq7267316,0007,9914,657,5
sq7267316,0008,10185,657,5
sq7267316,0009,8129,673,4
sq7267316,0010,8294,716,4
sq7267316,0011,8100,696,4
sq7267316,0012,7615,650,4
sq7267316,0013,8336,699,4
sq7267316,0014,8206,699,4
sq7267316,0015,8387,738,4
sq7267316,0016,8317,710,4
sq7267316,0017,8213,716,4
sq7267316,0018,8009,702,4
sq7267316,0019,8300,701,4
sq7267316,0020,8146,679,4
sq7267316,0021,8371,697,4
sq7267316,0022,10399,699,5
sq7267316,0023,6367,857,3
sq7267316,0024,7614,642,4
sq7267316,0025,8263,681,4
sq7267316,0026,8493,672,4
sq7267316,0027,8282,660,4
sq7267316,0028,8440,700,4
sq7267316,0029,8417,704,4
sq7267316,0030,8415,709,4
sq7267316,0031,7776,828,4
sq7267316,0032,6363,881,3
sq7267316,0033,8371,688,4
sq7267316,0034,9432,633,5
sq7267316,0035,8129,727,4
sq7267316,0036,8333,670,4
sq7267316,0037,9565,683,5
sq7267316,0038,6393,840,3
sq7267316,0039,8450,724,4
sq7267316,0040,8247,699,4
sq7267316,0041,8115,719,4
sq7267316,0042,8393,706,4
sq7267316,0043,8034,677,4
sq7267316,0044,9662,578,5
sq7267316,0045,9691,614,5
sq7267316,0046,8368,673,4
sq7384409,0001,8205,641,4
sq7384409,0002,9431,634,5
sq7384409,0003,9329,636,5
sq7384409,0004,10172,554,5
sq7384409,0005,9869,559,5
sq7384409,0006,10198,586,5
sq7384409,0007,10149,680,5
sq7384409,0008,9819,670,5
sq7384409,0009,8110,624,4
sq7384409,0010,8434,685,4
sq7384409,0011,9810,637,5
sq7384409,0012,10477,584,5
sq7384409,0013,8283,649,4
sq7384409,0014,8524,668,4
sq7384409,0015,8340,697,4
sq7384409,0016,8114,675,4
sq7384409,0017,10112,684,5
sq7384409,0018,8118,644,4
sq7384409,0019,7821,648,4
sq7384409,0020,9571,529,5
sq7384409,0021,10100,554,5
sq7384409,0022,10604,563,5
sq7384409,0023,9748,538,5
sq7384409,0024,8524,746,4
sq7384409,0025,9289,548,5
sq7384409,0026,8468,653,4
sq7384409,0027,8359,729,4
sq7384409,0028,8452,667,4
sq7524617,0001,8198,594,4
sq7524617,0002,8530,654,4
sq7524617,0003,8488,698,4
sq7524617,0004,10566,550,5
sq7524617,0005,8522,674,4
sq7524617,0006,10197,581,5
sq7524617,0007,8409,622,4
sq7524617,0008,8530,665,4
sq7524617,0009,8503,652,4
sq7524617,0010,8530,701,4
sq7524617,0011,8405,638,4
sq7524617,0012,8534,662,4
sq7524617,0013,8534,681,4
sq7524617,0014,8534,651,4
sq7524617,0015,8465,654,4
sq7524617,0016,8534,667,4
sq7524617,0017,10162,548,5
sq7551068,0001,7941,510,4
sq7551068,0002,10327,524,5
sq7551068,0003,11228,544,6
sq7551068,0004,9811,550,5
sq7551068,0005,8530,625,4
sq7551068,0006,9644,539,5
sq7551068,0007,10177,554,5
sq7551068,0008,10397,578,5
sq7551068,0009,9556,633,5
sq7551068,0010,9962,662,5
sq7551068,0011,2131,849,1
sq8818128,0001,8370,657,4
sq8818128,0002,10026,551,5
sq8818128,0003,9989,577,5
sq8818128,0004,10443,580,5
sq8818128,0005,10442,548,5
sq8818128,0006,10221,562,5
sq8818128,0007,10171,554,5
sq8818128,0008,8489,680,4
sq8818128,0009,8450,676,4
sq8818128,0010,8370,646,4
sq8818128,0011,10294,570,5
sq8818128,0012,9770,552,5
sq8818128,0013,10230,554,5
sq8818128,0014,9742,540,5
sq8818128,0015,8329,643,4
sq8818128,0016,10353,543,5
sq8818128,0017,10593,554,5
sq8818128,0018,8501,662,4
sq8818128,0019,8534,658,4
sq8818128,0020,8524,716,4
sq8818128,0021,8282,644,4
sq8818128,0022,10021,530,5
sq8818128,0023,10244,564,5
sq8818128,0024,9881,539,5
sq8818128,0025,8477,660,4
sq8818128,0026,8529,640,4
sq8818128,0027,8526,665,4
sq8818128,0028,8524,660,4
sq7588853,0001,7887,648,4
sq7588853,0002,8539,691,4
sq7588853,0003,8536,663,4
sq7588853,0004,8536,661,4
sq7588853,0005,7527,619,4
sq7588853,0006,8259,672,4
sq7588853,0007,8496,658,4
sq7588853,0008,8535,695,4
sq7588853,0009,8536,664,4
sq7588853,0010,10015,558,5
sq7588853,0011,8423,683,4
sq7588853,0012,7870,614,4
sq7588853,0013,8378,679,4
sq7588853,0014,10153,540,5
sq7588853,0015,10159,547,5
sq7588853,0016,8539,714,4
sq7588853,0017,8477,667,4
sq7588853,0018,8256,671,4
sq7588853,0019,8536,680,4
sq7588853,0020,9549,633,5
sq7588853,0021,8439,675,4
sq7588853,0022,8309,670,4
sq7588853,0023,8307,623,4
sq7588853,0024,8449,674,4
sq7588853,0025,8536,671,4
sq7588853,0026,8407,655,4
sq7588853,0027,8529,643,4
sq7588853,0028,8477,680,4
sq7588853,0029,8317,706,4
sq7588853,0030,9447,521,5
sq7588853,0031,8495,654,4
sq7556360,0001,8264,653,4
sq7556360,0002,10212,562,5
sq7556360,0003,10570,554,5
sq7556360,0004,10420,540,5
sq7556360,0005,9910,528,5
sq7556360,0006,9820,535,5
sq7556360,0007,10163,564,5
sq7556360,0008,9753,524,5
sq7556360,0009,10431,550,5
sq7556360,0010,8524,644,4
sq7556360,0011,8387,613,4
sq7556360,0012,10317,548,5
sq7556360,0013,10134,552,5
sq7556360,0014,10040,550,5
sq7556360,0015,8526,652,4
sq7556360,0016,8526,641,4
sq7556360,0017,8351,663,4
sq7556360,0018,8299,608,4
sq7556360,0019,10484,551,5
sq7556360,0020,10279,532,5
sq7556360,0021,10384,527,5
sq7556360,0022,10554,549,5
sq7556360,0023,8382,605,4
sq7556360,0024,11368,463,6
sq7556360,0025,10614,538,5
sq7556360,0026,8534,633,4
sq7556360,0027,8522,627,4
sq7556360,0028,8530,687,4
sq7070319,0001,8494,511,4
sq7070319,0002,8213,555,4
sq7082029,0001,8045,614,4
sq7082029,0002,9767,538,5
sq7082029,0003,8342,662,4
sq7082029,0004,8169,615,4
sq7095930,0001,7991,576,4
sq7095930,0002,8992,577,5
sq7095930,0003,9352,520,5
sq7095930,0004,9520,622,5
sq7095930,0005,8924,550,5
sq7095930,0006,10234,542,5
sq7095930,0007,8305,659,4
sq7095930,0008,8467,659,4
sq7236909,0001,7896,672,4
sq7236909,0002,8396,645,4
sq7236909,0003,8375,623,4
sq7236909,0004,8315,665,4
sq7236909,0005,8207,649,4
sq7236909,0006,9879,556,5
sq7236909,0007,9182,499,5
sq7236909,0008,8296,624,4
sq7236909,0009,8152,631,4
sq7070319,0001,8494,511,4
sq7070319,0002,8213,555,4
sq7082029,0001,8045,614,4
sq7082029,0002,9767,538,5
sq7082029,0003,8342,662,4
sq7082029,0004,8169,615,4
sq7095930,0001,7991,576,4
sq7095930,0002,8992,577,5
sq7095930,0003,9352,520,5
sq7095930,0004,9520,622,5
sq7095930,0005,8924,550,5
sq7095930,0006,10234,542,5
sq7095930,0007,8305,659,4
sq7095930,0008,8467,659,4
sq7236909,0001,7896,672,4
sq7236909,0002,8396,645,4
sq7236909,0003,8375,623,4
sq7236909,0004,8315,665,4
sq7236909,0005,8207,649,4
sq7236909,0006,9879,556,5
sq7236909,0007,9182,499,5
sq7236909,0008,8296,624,4
sq7236909,0009,8152,631,4
sq7070319,0001,8494,511,4
sq7070319,0002,8213,555,4
sq7082029,0001,8045,614,4
sq7082029,0002,9767,538,5
sq7082029,0003,8342,662,4
sq7082029,0004,8169,615,4
sq7095930,0001,7991,576,4
sq7095930,0002,8992,577,5
sq7095930,0003,9352,520,5
sq7095930,0004,9520,622,5
sq7095930,0005,8924,550,5
sq7095930,0006,10234,542,5
sq7095930,0007,8305,659,4
sq7095930,0008,8467,659,4
sq7236909,0001,7896,672,4
sq7236909,0002,8396,645,4
sq7236909,0003,8375,623,4
sq7236909,0004,8315,665,4
sq7236909,0005,8207,649,4
sq7236909,0006,9879,556,5
sq7236909,0007,9182,499,5
sq7236909,0008,8296,624,4
sq7236909,0009,8152,631,4
sq7070319,0001,8494,511,4
sq7070319,0002,8213,555,4
sq7082029,0001,8045,614,4
sq7082029,0002,9767,538,5
sq7082029,0003,8342,662,4
sq7082029,0004,8169,615,4
sq7095930,0001,7991,576,4
sq7095930,0002,8992,577,5
sq7095930,0003,9352,520,5
sq7095930,0004,9520,622,5
sq7095930,0005,8924,550,5
sq7095930,0006,10234,542,5
sq7095930,0007,8305,659,4
sq7095930,0008,8467,659,4
sq7236909,0001,7896,672,4
sq7236909,0002,8396,645,4
sq7236909,0003,8375,623,4
sq7236909,0004,8315,665,4
sq7236909,0005,8207,649,4
sq7236909,0006,9879,556,5
sq7236909,0007,9182,499,5
sq7236909,0008,8296,624,4
sq7236909,0009,8152,631,4
sq8561633,0001,9927,495,5
sq8561633,0002,12445,469,6
sq8561633,0003,10551,539,5
sq8561633,0004,10468,567,5
sq8561633,0005,10510,532,5
sq8561633,0006,10603,538,5
sq8561633,0007,10098,544,5
sq8561633,0008,10540,546,5
sq8561633,0009,12474,489,6
sq8561633,0010,10587,560,5
sq8561633,0011,10660,542,5
sq8561633,0012,10399,515,5
sq8561633,0013,10542,547,5
sq8561633,0014,10635,543,5
sq8561633,0015,10142,534,5
sq8561633,0016,10636,536,5
sq8561633,0017,10581,527,5
sq8561633,0018,12020,480,6
sq8561633,0019,10390,550,5
sq8561633,0020,12129,483,6
sq8561633,0021,10583,619,5
sq7224846,0001,8324,582,4
sq7224846,0002,10021,539,5
sq7224846,0003,10375,576,5
sq7224846,0004,10234,580,5
sq7224846,0005,10396,556,5
sq7224846,0006,10457,551,5
sq7224846,0007,8404,585,4
sq7224846,0008,10636,548,5
sq7224846,0009,8534,636,4
sq7224846,0010,8409,637,4
sq7224846,0011,9747,567,5
sq7224846,0012,6278,787,3
sq7224846,0013,10115,551,5
sq7224846,0014,9814,521,5
sq7224846,0015,10211,557,5
sq7224846,0016,10070,553,5
sq7224846,0017,10413,564,5
sq7224846,0018,9896,556,5
sq7224846,0019,10363,551,5
sq7224846,0020,10083,572,5
sq7224846,0021,9910,546,5
sq8885571,0001,8366,585,4
sq8885571,0002,10526,560,5
sq8885571,0003,10566,542,5
sq8885571,0004,10433,552,5
sq8885571,0005,9973,599,5
sq8885571,0006,8420,606,4
sq8885571,0007,8522,646,4
sq8885571,0008,8524,657,4
sq8885571,0009,8304,630,4
sq8885571,0010,10055,553,5
sq8885571,0011,10215,546,5
sq8885571,0012,8442,656,4
sq8885571,0013,8404,585,4
sq8885571,0014,10616,566,5
sq8885571,0015,10655,546,5
sq8885571,0016,8516,649,4
sq8885571,0017,8405,651,4
sq8885571,0018,10352,557,5
sq8885571,0019,10655,573,5
sq8885571,0020,10527,559,5
sq8885571,0021,10622,560,5
sq8885571,0022,10616,558,5
sq8885571,0023,10385,538,5
sq8885571,0024,10616,571,5
sq8885571,0025,8534,673,4
sq8623643,0001,8499,562,4
sq8623643,0002,10775,546,5
sq8623643,0003,10534,518,5
sq8623643,0004,10652,532,5
sq8623643,0005,10657,528,5
sq8623643,0006,10674,527,5
sq8623643,0007,10623,524,5
sq8623643,0008,10488,520,5
sq8623643,0009,10619,538,5
sq8623643,0010,10640,503,5
sq8623643,0011,10736,542,5
sq8623643,0012,10765,520,5
sq8623643,0013,10741,542,5
sq8623643,0014,10756,514,5
sq8623643,0015,10581,532,5
sq8623643,0016,10646,552,5
sq8623643,0017,10474,532,5
sq8623643,0018,10426,542,5
sq8623643,0019,10620,528,5
sq8623643,0020,10656,535,5
sq8623643,0021,10726,554,5
sq8623643,0022,10780,575,5
sq8623643,0023,10760,532,5
sq8623643,0024,10775,520,5
sq8623643,0025,10578,527,5
sq8623643,0026,10755,542,5
sq8623643,0027,10703,541,5
sq8623643,0028,10536,520,5
sq9071492,0001,7988,561,4
sq9071492,0002,10059,677,5
sq9071492,0003,6402,842,3
sq9071492,0004,8447,655,4
sq9071492,0005,8255,682,4
sq9071492,0006,8037,653,4
sq9071492,0007,8435,676,4
sq9071492,0008,8386,695,4
sq9071492,0009,8426,670,4
sq9071492,0010,8261,645,4
sq9071492,0011,8199,648,4
sq9071492,0012,8055,677,4
sq9071492,0013,8472,681,4
sq9071492,0014,8191,668,4
sq9071492,0015,8124,664,4
sq9071492,0016,6403,873,3
sq9071492,0017,7981,685,4
sq9071492,0018,8344,681,4
sq9071492,0019,8059,657,4
sq9071492,0020,8299,689,4
sq9071492,0021,8152,681,4
sq9071492,0022,8296,765,4
sq9071492,0023,8403,672,4
sq9071492,0024,8317,696,4
sq9071492,0025,8441,669,4
sq9071492,0026,7795,700,4
sq9071492,0027,8380,686,4
sq9071492,0028,8507,657,4
sq9071492,0029,8532,666,4
sq9071492,0030,8341,628,4
sq9071492,0031,7896,648,4
sq9071492,0032,8129,729,4
sq9071492,0033,8119,662,4
sq9071492,0034,8245,670,4
sq9071492,0035,8209,619,4
sq9071492,0036,8518,688,4
sq9071492,0037,8490,711,4
sq9071492,0038,7512,673,4
sq15230467,0001,10253,486,5
sq15230467,0002,10599,527,5
sq15230467,0003,12206,454,6
sq15230467,0004,12481,468,6
sq15230467,0005,10201,519,5
sq15230467,0006,10316,509,5
sq15230467,0007,12105,478,6
sq7103818,0001,8395,575,4
sq7103818,0002,10660,545,5
sq7103818,0003,12574,469,6
sq7103818,0004,12128,451,6
sq7103818,0005,10660,527,5
sq7103818,0006,8404,599,4
sq7103818,0007,10562,519,5
sq7103818,0008,8530,640,4
sq7103818,0009,10515,525,5
sq7103818,0010,10584,558,5
sq7103818,0011,10650,541,5
sq7103818,0012,10665,542,5
sq7103818,0013,8405,584,4
sq7103818,0014,10645,518,5
sq7103818,0015,10650,537,5
sq7103818,0016,10670,527,5
sq7103818,0017,10655,530,5
sq7103818,0018,8544,635,4
sq7294793,0001,8409,588,4
sq7294793,0002,10592,531,5
sq7294793,0003,10000,529,5
sq7294793,0004,10516,556,5
sq7294793,0005,10350,528,5
sq7294793,0006,8409,617,4
sq7294793,0007,8530,649,4
sq7294793,0008,8484,651,4
sq7294793,0009,6275,759,3
sq7294793,0010,6403,766,3
sq7294793,0011,8401,603,4
sq7294793,0012,10548,553,5
sq7294793,0013,10543,557,5
sq7294793,0014,8427,627,4
sq7294793,0015,8522,656,4
sq7302710,0001,9931,472,5
sq7302710,0002,10616,528,5
sq7302710,0003,11862,450,6
sq7302710,0004,12455,506,6
sq7302710,0005,8399,623,4
sq7302710,0006,8530,644,4
sq7302710,0007,6395,806,3
sq7302710,0008,10535,506,5
sq7302710,0009,11925,480,6
sq7302710,0010,11352,501,6
sq7302710,0011,13710,474,7
sq7302710,0012,12393,485,6
sq7302710,0013,14219,518,7
sq7302710,0014,8493,617,4
sq7353137,0001,10122,486,5
sq7353137,0002,11440,541,6
sq7353137,0003,12570,478,6
sq7353137,0004,12239,485,6
sq7353137,0005,10622,544,5
sq7353137,0006,10487,536,5
sq7353137,0007,6248,739,3
sq7353137,0008,8522,652,4
sq7353137,0009,8397,644,4
sq7353137,0010,10445,555,5
sq7353137,0011,10301,537,5
sq7353137,0012,10550,536,5
sq7353137,0013,10632,535,5
sq7353137,0014,10636,526,5
sq7353137,0015,10660,531,5
sq7353137,0016,10216,553,5
sq7070781,0001,8339,535,4
sq7070781,0002,10464,554,5
sq7075297,0001,6279,668,3
sq7075297,0002,10640,538,5
sq7075297,0003,10650,549,5
sq7075297,0004,10655,540,5
sq7075297,0005,10554,555,5
sq7075297,0006,10606,529,5
sq7078259,0001,8292,554,4
sq7078259,0002,8535,656,4
sq7078259,0003,8516,624,4
sq7078259,0004,9997,511,5
sq7078259,0005,8544,611,4
sq7078259,0006,10480,562,5
sq7093885,0001,8404,571,4
sq7093885,0002,10616,550,5
sq7093885,0003,10417,544,5
sq7093885,0004,8522,650,4
sq7093885,0005,8522,650,4
sq7093885,0006,8520,646,4
sq7070781,0001,8339,535,4
sq7070781,0002,10464,554,5
sq7075297,0001,6279,668,3
sq7075297,0002,10640,538,5
sq7075297,0003,10650,549,5
sq7075297,0004,10655,540,5
sq7075297,0005,10554,555,5
sq7075297,0006,10606,529,5
sq7078259,0001,8292,554,4
sq7078259,0002,8535,656,4
sq7078259,0003,8516,624,4
sq7078259,0004,9997,511,5
sq7078259,0005,8544,611,4
sq7078259,0006,10480,562,5
sq7093885,0001,8404,571,4
sq7093885,0002,10616,550,5
sq7093885,0003,10417,544,5
sq7093885,0004,8522,650,4
sq7093885,0005,8522,650,4
sq7093885,0006,8520,646,4
sq7070781,0001,8339,535,4
sq7070781,0002,10464,554,5
sq7075297,0001,6279,668,3
sq7075297,0002,10640,538,5
sq7075297,0003,10650,549,5
sq7075297,0004,10655,540,5
sq7075297,0005,10554,555,5
sq7075297,0006,10606,529,5
sq7078259,0001,8292,554,4
sq7078259,0002,8535,656,4
sq7078259,0003,8516,624,4
sq7078259,0004,9997,511,5
sq7078259,0005,8544,611,4
sq7078259,0006,10480,562,5
sq7093885,0001,8404,571,4
sq7093885,0002,10616,550,5
sq7093885,0003,10417,544,5
sq7093885,0004,8522,650,4
sq7093885,0005,8522,650,4
sq7093885,0006,8520,646,4
sq7070781,0001,8339,535,4
sq7070781,0002,10464,554,5
sq7075297,0001,6279,668,3
sq7075297,0002,10640,538,5
sq7075297,0003,10650,549,5
sq7075297,0004,10655,540,5
sq7075297,0005,10554,555,5
sq7075297,0006,10606,529,5
sq7078259,0001,8292,554,4
sq7078259,0002,8535,656,4
sq7078259,0003,8516,624,4
sq7078259,0004,9997,511,5
sq7078259,0005,8544,611,4
sq7078259,0006,10480,562,5
sq7093885,0001,8404,571,4
sq7093885,0002,10616,550,5
sq7093885,0003,10417,544,5
sq7093885,0004,8522,650,4
sq7093885,0005,8522,650,4
sq7093885,0006,8520,646,4
sq7471661,0001,10178,462,5
sq7471661,0002,10670,540,5
sq7471661,0003,10614,507,5
sq7471661,0004,10635,540,5
sq7471661,0005,10650,527,5
sq7471661,0006,10618,528,5
sq7471661,0007,10616,522,5
sq7471661,0008,10513,511,5
sq7471661,0009,10670,522,5
sq7471661,0010,12078,479,6
sq7471661,0011,10538,516,5
sq7471661,0012,10665,534,5
sq7471661,0013,8399,577,4
sq7471661,0014,10645,531,5
sq7471661,0015,10650,516,5
sq7471661,0016,10594,545,5
sq7471661,0017,10655,508,5
sq7471661,0018,10670,511,5
sq7471661,0019,10655,525,5
sq7471661,0020,10670,548,5
sq12113164,0001,8399,591,4
sq12113164,0002,10618,533,5
sq12113164,0003,10578,548,5
sq12113164,0004,10675,524,5
sq12113164,0005,10364,521,5
sq12113164,0006,10592,554,5
sq12113164,0007,10530,516,5
sq12113164,0008,12529,467,6
sq16138966,0001,8237,567,4
sq16138966,0002,10492,558,5
sq16138966,0003,10587,549,5
sq16138966,0004,10455,547,5
sq16138966,0005,10556,537,5
sq16138966,0006,2131,873,1
sq16138966,0007,8409,648,4
sq16138966,0008,10516,541,5
sq16138966,0009,4386,959,2
sq16138966,0010,6268,755,3
sq16138966,0011,10415,516,5
sq16138966,0012,8516,627,4
sq16138966,0013,2006,841,1
sq16138966,0014,10098,527,5
sq16138966,0015,10670,561,5
sq16138966,0016,10089,528,5
sq16138966,0017,10660,528,5
sq16138966,0018,10650,549,5
sq16138966,0019,10524,543,5
sq15730717,0001,8399,582,4
sq15730717,0002,10303,529,5
sq15730717,0003,10350,538,5
sq15730717,0004,10384,523,5
sq15730717,0005,8522,641,4
sq15730717,0006,8377,652,4
sq15730717,0007,10436,537,5
sq15730717,0008,9953,560,5
sq15730717,0009,8526,661,4
sq15730717,0010,8375,631,4
sq15730717,0011,10675,568,5
sq15730717,0012,8516,674,4
sq15730717,0013,8534,647,4
sq15730717,0014,8375,633,4
sq15730717,0015,10403,551,5
sq15730717,0016,11993,474,6
sq15730717,0017,11824,484,6
sq15624112,0001,8399,550,4
sq15624112,0002,10395,527,5
sq15624112,0003,10579,549,5
sq15624112,0004,10613,539,5
sq15624112,0005,10401,545,5
sq15624112,0006,8534,630,4
sq15624112,0007,8540,657,4
sq15624112,0008,10501,561,5
sq15624112,0009,10577,577,5
sq15624112,0010,10597,543,5
sq15624112,0011,10451,583,5
sq15624112,0012,8195,658,4
sq15624112,0013,10496,583,5
sq15624112,0014,8360,631,4
sq15624112,0015,10329,547,5
sq15624112,0016,10537,542,5
sq15624112,0017,10265,559,5
sq15624112,0018,10298,541,5
sq15624112,0019,9861,531,5
sq15624112,0020,10550,564,5
sq15624112,0021,10309,554,5
sq9199617,0001,8216,591,4
sq9199617,0002,10546,551,5
sq9199617,0003,10437,539,5
sq9199617,0004,8492,635,4
sq9199617,0005,8382,611,4
sq9199617,0006,8515,635,4
sq9199617,0007,8526,654,4
sq9199617,0008,10507,513,5
sq9199617,0009,10583,549,5
sq7541288,0001,8033,631,4
sq7541288,0002,8019,653,4
sq7541288,0003,8253,687,4
sq7541288,0004,10258,682,5
sq7541288,0005,8254,665,4
sq7541288,0006,8055,651,4
sq7541288,0007,8092,681,4
sq7541288,0008,8323,637,4
sq7541288,0009,9476,667,5
sq7541288,0010,10409,702,5
sq7541288,0011,8179,656,4
sq7541288,0012,7980,658,4
sq7541288,0013,8219,716,4
sq7541288,0014,8426,717,4
sq7541288,0015,8361,643,4
sq7541288,0016,8492,666,4
sq7541288,0017,9941,533,5
sq7541288,0018,8477,699,4
sq7541288,0019,8339,694,4
sq7541288,0020,8508,714,4
sq12536479,0001,8229,593,4
sq12536479,0002,10217,548,5
sq12536479,0003,9897,590,5
sq12536479,0004,10202,594,5
sq12536479,0005,10028,547,5
sq12536479,0006,9837,577,5
sq12536479,0007,9981,551,5
sq12536479,0008,9801,543,5
sq12536479,0009,8448,725,4
sq12536479,0010,8395,682,4
sq12536479,0011,8337,628,4
sq12536479,0012,9550,618,5
sq12536479,0013,8302,665,4
sq12536479,0014,10230,539,5
sq12536479,0015,9920,663,5
sq12536479,0016,8229,666,4
sq12536479,0017,8167,666,4
sq12536479,0018,8320,670,4
sq12536479,0019,8144,686,4
sq12536479,0020,10104,641,5
sq12536479,0021,10382,556,5
sq12536479,0022,9898,542,5
sq12536479,0023,9944,551,5
sq12536479,0024,10497,553,5
sq12536479,0025,10374,561,5
sq12536479,0026,9544,536,5
sq12536479,0027,10227,583,5
sq8482283,0001,7540,746,4
sq8482283,0002,8446,673,4
sq8482283,0003,8336,701,4
sq8482283,0004,8518,706,4
sq8482283,0005,8458,660,4
sq8482283,0006,9877,645,5
sq8482283,0007,8306,756,4
sq8482283,0008,8324,690,4
sq8482283,0009,7920,681,4
sq8482283,0010,9535,631,5
sq8482283,0011,9816,551,5
sq8482283,0012,8503,735,4
sq8482283,0013,9235,542,5
sq8482283,0014,8420,662,4
sq8482283,0015,8341,649,4
sq8482283,0016,8828,556,5
sq8482283,0017,9289,559,5
sq8482283,0018,7595,653,4
sq8482283,0019,8371,721,4
sq8482283,0020,8398,689,4
sq8482283,0021,8454,706,4
sq8482283,0022,8124,659,4
sq8482283,0023,8304,712,4
sq8482283,0024,8113,652,4
sq8482283,0025,8334,655,4
sq8482283,0026,7975,663,4
sq8482283,0027,8330,639,4
sq8482283,0028,8255,701,4
sq8482283,0029,8372,678,4
sq8482283,0030,6397,844,3
sq8482283,0031,6400,886,3
sq8482283,0032,7991,621,4
sq8482283,0033,8201,678,4
sq8482283,0034,8011,625,4
sq8482283,0035,8507,680,4
sq8482283,0036,7893,623,4
sq8482283,0037,8153,671,4
sq8482283,0038,8464,653,4
sq8482283,0039,7672,623,4
sq8482283,0040,8326,682,4
sq8482283,0041,8215,658,4
sq8482283,0042,8279,633,4
sq8482283,0043,7993,676,4
sq8482283,0044,8267,671,4
sq8482283,0045,6783,574,4
sq8940236,0001,6089,787,3
sq8940236,0002,8472,689,4
sq8940236,0003,8045,704,4
sq8940236,0004,7928,677,4
sq8940236,0005,8246,699,4
sq8940236,0006,8017,746,4
sq8940236,0007,8185,677,4
sq8940236,0008,7947,733,4
sq8940236,0009,8435,718,4
sq8940236,0010,8195,718,4
sq8940236,0011,7889,712,4
sq8940236,0012,8453,745,4
sq8940236,0013,8217,675,4
sq8940236,0014,8133,670,4
sq8940236,0015,8179,689,4
sq8940236,0016,8192,703,4
sq8940236,0017,8323,666,4
sq8940236,0018,9701,649,5
sq8940236,0019,10134,655,5
sq8940236,0020,8357,670,4
sq8940236,0021,8534,678,4
sq8940236,0022,8157,655,4
sq8940236,0023,7935,651,4
sq8940236,0024,8202,693,4
sq8940236,0025,7907,684,4
sq8940236,0026,8206,677,4
sq8940236,0027,8146,740,4
sq8940236,0028,8326,639,4
sq8940236,0029,8409,671,4
sq8940236,0030,8213,661,4
sq8940236,0031,8389,669,4
sq8940236,0032,8526,674,4
sq8940236,0033,8496,683,4
sq8940236,0034,8468,694,4
sq8940236,0035,8448,724,4
sq8940236,0036,8316,688,4
sq8940236,0037,8396,745,4
sq8940236,0038,8342,697,4
sq8940236,0039,8514,679,4
sq8940236,0040,8447,663,4
sq8940236,0041,8527,699,4
sq8940236,0042,8535,755,4
sq8940236,0043,8343,692,4
sq8437358,0001,8384,587,4
sq8437358,0002,10353,533,5
sq8437358,0003,10582,558,5
sq8437358,0004,10323,526,5
sq8437358,0005,8382,642,4
sq8437358,0006,8535,654,4
sq8437280,0001,8174,577,4
sq8437280,0002,8534,642,4
sq8437280,0003,10428,545,5
sq8437280,0004,8526,638,4
sq8437280,0005,8384,641,4
sq8437280,0006,8531,659,4
sq10490761,0001,9903,490,5
sq10490761,0002,10590,557,5
sq10490761,0003,10538,560,5
sq10490761,0004,10362,564,5
sq10490761,0005,8534,650,4
sq10490761,0006,10049,509,5
sq10490761,0007,10444,597,5
sq10490761,0008,10523,518,5
sq8438840,0001,8175,576,4
sq8438840,0002,8534,651,4
sq8438840,0003,8521,661,4
sq8438840,0004,8417,634,4
sq8438840,0005,8389,608,4
sq8438840,0006,8544,614,4
sq8438915,0001,10214,505,5
sq8438915,0002,10579,539,5
sq8438915,0003,10650,534,5
sq8438915,0004,10316,605,5
sq8438999,0001,8394,575,4
sq8438999,0002,8438,582,4
sq8438999,0003,8428,610,4
sq8438999,0004,8489,570,4
sq8438999,0005,8390,580,4
sq8438999,0006,8524,599,4
sq8438999,0007,6383,610,3
sq7648382,0001,8864,660,4
sq7648382,0002,11183,583,5
sq7648382,0003,10845,609,5
sq7648382,0004,11107,555,5
sq7648382,0005,11092,552,5
sq7648382,0006,11255,550,5
sq7648382,0007,10945,538,5
sq7648382,0008,11178,575,5
sq7397765,0001,8874,589,4
sq7397765,0002,11245,559,5
sq7397765,0003,11235,557,5
sq7397765,0004,11235,576,5
sq7397765,0005,10916,545,5
sq7397765,0006,11235,568,5
sq7397765,0007,11148,544,5
sq7397765,0008,11235,554,5
sq7397765,0009,11206,559,5
sq7397765,0010,11196,542,5
sq7397765,0011,10901,554,5
sq7397765,0012,11145,552,5
sq7397765,0013,8860,643,4
sq7397765,0014,11144,563,5
sq7397765,0015,11215,559,5
sq7397765,0016,11131,565,5
sq7397765,0017,11113,601,5
sq7397765,0018,11205,591,5
sq7397765,0019,9004,628,4
sq7397765,0020,8859,610,4
sq7397765,0021,12300,564,6
sq7397765,0022,6753,839,3
sq7397765,0023,8874,621,4
sq7397765,0024,11240,548,5
sq7397765,0025,11235,559,5
sq7397765,0026,11129,539,5
sq7397765,0027,11225,559,5
sq7397765,0028,11255,557,5
sq7397765,0029,11216,543,5
sq7397765,0030,11087,570,5
sq7397765,0031,11196,567,5
sq7397765,0032,11245,542,5
sq7397765,0033,11050,551,5
sq7397765,0034,11235,568,5
sq7397765,0035,11255,555,5
sq7397765,0036,11240,577,5
sq7397765,0037,11215,549,5
sq8630159,0001,8389,625,4
sq8630159,0002,9939,650,5
sq8630159,0003,9159,511,5
sq8630159,0004,10268,585,5
sq8630159,0005,9894,531,5
sq8630159,0006,8519,722,4
sq8630159,0007,8389,598,4
sq8630159,0008,9903,549,5
sq8630159,0009,8526,614,4
sq8630159,0010,9602,512,5
sq8630159,0011,9181,606,5
sq8630159,0012,6403,806,3
sq8630159,0013,8398,735,4
sq8630159,0014,8202,630,4
sq8630159,0015,8444,688,4
sq8630159,0016,8175,646,4
sq8630159,0017,9351,615,5
sq8630159,0018,9913,536,5
sq8630159,0019,8315,679,4
sq8630159,0020,8072,643,4
sq8630159,0021,8357,565,4
sq8630159,0022,10267,503,5
sq8630159,0023,8380,683,4
sq8630159,0024,8246,672,4
sq8630159,0025,9779,562,5
sq8630159,0026,10661,517,5
sq8630159,0027,10192,512,5
sq9010547,0001,7587,550,4
sq9010547,0002,10485,558,5
sq9010547,0003,10351,558,5
sq9010547,0004,10193,531,5
sq9010547,0005,10420,576,5
sq9010547,0006,8522,633,4
sq9010547,0007,8526,642,4
sq9010547,0008,8409,610,4
sq9010547,0009,10298,545,5
sq9010547,0010,8522,715,4
sq9010547,0011,8534,625,4
sq9010547,0012,8534,655,4
sq9010547,0013,8250,615,4
sq9010547,0014,8445,638,4
sq9010547,0015,8441,623,4
sq9010547,0016,8463,672,4
sq9010547,0017,10121,515,5
sq9010547,0018,10175,544,5
sq9010547,0019,10670,547,5
sq9010547,0020,10447,540,5
sq9010547,0021,10335,578,5
sq9010547,0022,10396,573,5
sq9010547,0023,9959,540,5
sq9529900,0001,7944,583,4
sq9529900,0002,9961,533,5
sq9529900,0003,10092,570,5
sq9529900,0004,9509,540,5
sq9529900,0005,10266,516,5
sq9529900,0006,10514,568,5
sq9529900,0007,10533,530,5
sq9529900,0008,10142,517,5
sq9529900,0009,10378,572,5
sq9529900,0010,9739,562,5
sq9529900,0011,9402,527,5
sq9529900,0012,10336,565,5
sq9529900,0013,10056,537,5
sq9529900,0014,10067,564,5
sq9529900,0015,10266,522,5
sq9529900,0016,10297,540,5
sq9529900,0017,11930,556,6
sq9529900,0018,10361,524,5
sq9529900,0019,10327,526,5
sq9529900,0020,8512,631,4
sq9529900,0021,10214,546,5
sq9529900,0022,10358,557,5
sq7483523,0001,7916,633,4
sq7483523,0002,8105,722,4
sq7483523,0003,8540,697,4
sq7483523,0004,9985,702,5
sq7483523,0005,8317,662,4
sq7483523,0006,9883,669,5
sq7483523,0007,9651,661,5
sq7483523,0008,8507,703,4
sq7483523,0009,8284,668,4
sq7483523,0010,8487,698,4
sq7483523,0011,7916,719,4
sq7483523,0012,8257,671,4
sq7483523,0013,8278,687,4
sq7483523,0014,10234,694,5
sq7483523,0015,7622,726,4
sq7483523,0016,9693,661,5
sq7483523,0017,8324,678,4
sq7483523,0018,8107,677,4
sq7483523,0019,8252,685,4
sq7483523,0020,8061,665,4
sq7483523,0021,8419,691,4
sq7483523,0022,7840,712,4
sq7483523,0023,8427,676,4
sq7483523,0024,6400,856,3
sq7483523,0025,8134,650,4
sq7483523,0026,9819,563,5
sq7483523,0027,10097,684,5
sq7483523,0028,8124,660,4
sq7483523,0029,8339,669,4
sq7483523,0030,8473,699,4
sq7483523,0031,8474,733,4
sq7483523,0032,8449,744,4
sq7483523,0033,8516,677,4
sq7555331,0001,8154,600,4
sq7555331,0002,9978,537,5
sq7555331,0003,10200,560,5
sq7555331,0004,9196,563,5
sq7555331,0005,9899,575,5
sq7555331,0006,9586,554,5
sq7555331,0007,9251,521,5
sq7555331,0008,9780,551,5
sq7555331,0009,10127,696,5
sq7555331,0010,10137,580,5
sq7555331,0011,8534,704,4
sq7555331,0012,8400,659,4
sq7555331,0013,9700,546,5
sq7555331,0014,10428,588,5
sq7555331,0015,10201,536,5
sq7555331,0016,9959,549,5
sq7555331,0017,9627,566,5
sq7555331,0018,10309,563,5
sq7555331,0019,10156,547,5
sq7555331,0020,8534,676,4
sq7555331,0021,8534,679,4
sq7555331,0022,9978,585,5
sq7555331,0023,9839,540,5
sq7555331,0024,10322,597,5
sq7555331,0025,10194,594,5
sq7555331,0026,10273,571,5
sq7555331,0027,9746,526,5
sq7555331,0028,9907,552,5
sq7555331,0029,10106,574,5
sq7555331,0030,10215,588,5
sq7555331,0031,8479,635,4
sq7555331,0032,10516,509,5
sq7555331,0033,10128,524,5
sq7555331,0034,10512,563,5
sq7555331,0035,10564,547,5
sq7555331,0036,10509,562,5
sq7555331,0037,10239,571,5
sq7555331,0038,10287,609,5
sq7555331,0039,9605,564,5
sq7555331,0040,10422,554,5
sq7555331,0041,10502,576,5
sq7555331,0042,10595,569,5
sq7555331,0043,10547,563,5
sq7555331,0044,10007,529,5
sq7555331,0045,10437,608,5
sq7555331,0046,10433,621,5
sq7555331,0047,10049,533,5
sq7555331,0048,8522,649,4
sq10517302,0001,8250,581,4
sq10517302,0002,10100,646,5
sq10517302,0003,10106,570,5
sq10517302,0004,10155,567,5
sq10517302,0005,10246,553,5
sq10517302,0006,9839,549,5
sq10517302,0007,9889,546,5
sq10517302,0008,10063,551,5
sq10517302,0009,9504,574,5
sq10517302,0010,10104,589,5
sq10517302,0011,9666,595,5
sq10517302,0012,10172,699,5
sq10517302,0013,10088,564,5
sq10517302,0014,9780,633,5
sq10517302,0015,10219,545,5
sq10517302,0016,10381,554,5
sq10517302,0017,9848,666,5
sq10517302,0018,10110,557,5
sq10517302,0019,10155,574,5
sq10517302,0020,9865,567,5
sq10517302,0021,10165,541,5
sq10517302,0022,10048,665,5
sq10517302,0023,10037,560,5
sq10517302,0024,9934,548,5
sq10517302,0025,10336,568,5
sq10517302,0026,9777,573,5
sq10517302,0027,10405,544,5
sq10517302,0028,10239,578,5
sq10517302,0029,9968,574,5
sq10517302,0030,10069,617,5
sq10517302,0031,9505,534,5
sq10517302,0032,9997,554,5
sq10517302,0033,10030,576,5
sq10517302,0034,9649,563,5
sq10517302,0035,10197,593,5
sq10517302,0036,10084,551,5
sq10517302,0037,8293,719,4
sq9608209,0001,8084,612,4
sq9608209,0002,9060,515,5
sq9608209,0003,10046,570,5
sq9608209,0004,10093,580,5
sq9608209,0005,9300,533,5
sq9608209,0006,8234,678,4
sq9608209,0007,9985,562,5
sq9608209,0008,10144,668,5
sq9608209,0009,8470,668,4
sq9608209,0010,8253,674,4
sq9608209,0011,9923,551,5
sq9608209,0012,9867,538,5
sq9608209,0013,8534,698,4
sq9608209,0014,8306,631,4
sq9608209,0015,9976,566,5
sq9608209,0016,9839,535,5
sq9608209,0017,8456,671,4
sq9608209,0018,10184,672,5
sq9608209,0019,8225,669,4
sq9608209,0020,10097,585,5
sq9608209,0021,8068,664,4
sq9608209,0022,9414,540,5
sq9608209,0023,9988,584,5
sq9608209,0024,9541,533,5
sq9608209,0025,9913,562,5
sq9608209,0026,10027,578,5
sq9608209,0027,10442,556,5
sq9608209,0028,10225,577,5
sq9608209,0029,10110,535,5
sq9608209,0030,8381,667,4
sq9608209,0031,9879,525,5
sq9608209,0032,9881,538,5
sq9608209,0033,9553,616,5
sq9608209,0034,10084,571,5
sq9608209,0035,10206,544,5
sq9608209,0036,8285,662,4
sq9608209,0037,9478,545,5
sq8812200,0001,8148,670,4
sq8812200,0002,8326,735,4
sq8812200,0003,8346,705,4
sq8812200,0004,8263,699,4
sq8812200,0005,8047,658,4
sq8812200,0006,8287,731,4
sq8812200,0007,8211,725,4
sq8812200,0008,8352,701,4
sq8812200,0009,8283,708,4
sq8812200,0010,8044,678,4
sq8812200,0011,8045,714,4
sq8812200,0012,10272,577,5
sq8812200,0013,10057,661,5
sq8812200,0014,8422,710,4
sq8812200,0015,9878,664,5
sq8812200,0016,8424,741,4
sq8812200,0017,8244,695,4
sq8812200,0018,8120,670,4
sq8812200,0019,8335,709,4
sq8823783,0001,8250,667,4
sq8823783,0002,8439,682,4
sq8823783,0003,8336,715,4
sq8823783,0004,8532,712,4
sq8823783,0005,8386,766,4
sq8823783,0006,9787,670,5
sq8823783,0007,9633,659,5
sq8823783,0008,8372,703,4
sq8823783,0009,8339,687,4
sq8823783,0010,8535,700,4
sq8823783,0011,8355,674,4
sq8823783,0012,8050,669,4
sq8823783,0013,8534,777,4
sq8823783,0014,8414,709,4
sq8823783,0015,7447,673,4
sq8823783,0016,8346,711,4
sq8823783,0017,8249,730,4
sq8823783,0018,9457,531,5
sq8823783,0019,9866,662,5
sq8823783,0020,8825,610,5
sq8823783,0021,8522,748,4
sq8823783,0022,8534,703,4
sq8823783,0023,8424,706,4
sq8823783,0024,8383,705,4
sq8823783,0025,8217,657,4
sq8823783,0026,8506,767,4
sq8823783,0027,8161,665,4
sq8823783,0028,8313,687,4
sq8823783,0029,8350,739,4
sq8823783,0030,8373,727,4
sq8823783,0031,8391,659,4
sq8823783,0032,8500,739,4
sq8823783,0033,8488,690,4
sq8823783,0034,8227,680,4
sq8823783,0035,8406,686,4
sq8823783,0036,8321,675,4
sq8823783,0037,8157,728,4
sq8823783,0038,8220,725,4
sq8823783,0039,8083,662,4
sq8823783,0040,8451,672,4
sq8823783,0041,8435,709,4
sq8823783,0042,10241,717,5
sq8823783,0043,10009,663,5
sq8823783,0044,8283,701,4
sq8823783,0045,8502,714,4
sq8823783,0046,8433,690,4
sq8823783,0047,8526,710,4
sq8823783,0048,8193,641,4
sq8823783,0049,9976,673,5
sq8823783,0050,10494,702,5
sq8823783,0051,10138,575,5
sq8823783,0052,9983,553,5
sq8823783,0053,10232,569,5
sq8823783,0054,9151,582,5
sq8823783,0055,10189,582,5
sq8823783,0056,8460,659,4
sq8823783,0057,8480,719,4
sq8823783,0058,8442,723,4
sq8823783,0059,8492,702,4
sq8823783,0060,8427,634,4
sq8823783,0061,8376,646,4
sq8823783,0062,8902,497,5
sq8823783,0063,9549,667,5
sq8823783,0064,10277,693,5
sq8823783,0065,10118,678,5
